CREATE TABLE produtos (cdsap VARCHAR(20) PRIMARY KEY, nome VARCHAR(255), unidade VARCHAR(10));
CREATE TABLE lotes (id_lote INTEGER PRIMARY KEY, cdsap VARCHAR(20), lote VARCHAR(50), fabricante VARCHAR(100), validade DATE, FOREIGN KEY(cdsap) REFERENCES produtos(cdsap));
CREATE TABLE movimentacoes (id_mov INTEGER PRIMARY KEY AUTOINCREMENT, id_lote INTEGER, tipo_mov VARCHAR(10), data_mov DATE, quantidade DECIMAL(10,2), FOREIGN KEY(id_lote) REFERENCES lotes(id_lote));

INSERT INTO produtos VALUES ('10017228', 'CARTUCHO CONTRA VAPORES ORGÂNICOS', 'UN');
INSERT INTO produtos VALUES ('100857', 'KIT TESTE ANALISE SILICA ALTA 11107MGL', 'ML');
INSERT INTO produtos VALUES ('101813', 'KIT TESTE ANALISE SILICA ULR 0550MGL', 'ML');
INSERT INTO produtos VALUES ('109624', 'SULFATO DE COBRE 27382', 'G');
INSERT INTO produtos VALUES ('114761', 'KIT TESTE ANALISE FERO 0055MGL', 'ML');
INSERT INTO produtos VALUES ('114794', 'KIT TESTE ANALISE SILICA BAIXA 021107MGL', 'ML');
INSERT INTO produtos VALUES ('114897', 'KIT TESTE ANALIS CLORETO 25250MGL', 'ML');
INSERT INTO produtos VALUES ('119151', 'KIT DEHA MERCK', 'UN');
INSERT INTO produtos VALUES ('201456', 'SOLUÇÃO TAMPÃO 686', 'ML');
INSERT INTO produtos VALUES ('201905', 'ELETRODO CV1 AGUAS', 'UN');
INSERT INTO produtos VALUES ('203910', 'DENSÍMETRO MANUAL HIDRATADO', 'UN');
INSERT INTO produtos VALUES ('203923', 'ERLEMEYER 50', 'UN');
INSERT INTO produtos VALUES ('204813', 'ÁCIDO CLORÍDRICO', 'ML');
INSERT INTO produtos VALUES ('2050006056', 'COROA COMPLETA CORTE DEDINE', 'UN');
INSERT INTO produtos VALUES ('205916', 'CONDUTIVIMETRO DMC010MAGUAS', 'UN');
INSERT INTO produtos VALUES ('207076', 'OCTAPOL', 'G');
INSERT INTO produtos VALUES ('211453', 'MOLYBDATE 3 REAGENT FOR SILICA', 'ML');
INSERT INTO produtos VALUES ('212921', 'PADRÃO DE CONDUTIVIDADE 1412', 'ML');
INSERT INTO produtos VALUES ('212922', 'ÁCIDO SULFURICO PA', 'ML');
INSERT INTO produtos VALUES ('213751', 'AZUL DE NILO', 'G');
INSERT INTO produtos VALUES ('216000', 'TARTARATO DE SÓDIO E POTÁSIO', 'G');
INSERT INTO produtos VALUES ('216004', 'GLICERINA', 'ML');
INSERT INTO produtos VALUES ('216014', 'DENSÍMETRO MANUAL ANIDRO', 'UN');
INSERT INTO produtos VALUES ('217572', 'ALFA NAFTOLFTALEINA', 'G');
INSERT INTO produtos VALUES ('217626', 'AERÔMETRO DE BAUMÉ', 'UN');
INSERT INTO produtos VALUES ('219197', 'CONDUTIVIMETRO DMC01M ETANOL', 'UN');
INSERT INTO produtos VALUES ('220189', 'PAPEL FILTRO QUALITATIVO 185CM', 'UN');
INSERT INTO produtos VALUES ('221475', 'GRAXA DE SILICONE', 'G');
INSERT INTO produtos VALUES ('221718', 'CLORETO DE AMONIO', 'G');
INSERT INTO produtos VALUES ('221727', 'CLORETO DE POTÁSIO', 'G');
INSERT INTO produtos VALUES ('221728', 'MOLIBDATO DE AMONIO', 'G');
INSERT INTO produtos VALUES ('221883', 'ÁCIDO ACETICO GLACIAL PA', 'ML');
INSERT INTO produtos VALUES ('221912', 'CLORETO DE CÁLCIO 2H2O', 'G');
INSERT INTO produtos VALUES ('222350', 'FRASCO DE AMOSTRA 50 NALGON', 'UN');
INSERT INTO produtos VALUES ('222926', 'SULFATO DE SÓDIO', 'G');
INSERT INTO produtos VALUES ('222988', 'LUVA LATEX P', 'UN');
INSERT INTO produtos VALUES ('223766', 'ALGODÃO HIDRÓFILO', 'G');
INSERT INTO produtos VALUES ('223972', 'DESECADOR', 'UN');
INSERT INTO produtos VALUES ('224298', 'ELETRODO CV6 ETANOL', 'UN');
INSERT INTO produtos VALUES ('224702', 'BALÃO KOHLRAUSCH 20', 'UN');
INSERT INTO produtos VALUES ('225148', 'BECKER VIDRO 10', 'UN');
INSERT INTO produtos VALUES ('226286', 'BECKER PLÁSTICO 20', 'UN');
INSERT INTO produtos VALUES ('226287', 'BECKER VIDRO 10', 'UN');
INSERT INTO produtos VALUES ('226291', 'BECKER VIDRO 10', 'UN');
INSERT INTO produtos VALUES ('226292', 'FUNIL PLÁSTICO 1CM', 'UN');
INSERT INTO produtos VALUES ('226441', 'AMINO ÁCIDO F REAGENTE', 'ML');
INSERT INTO produtos VALUES ('226682', 'FEROZINE', 'ML');
INSERT INTO produtos VALUES ('227332', 'TRIGLYCERIDES FS', 'ML');
INSERT INTO produtos VALUES ('227448', 'CALDEIRA MICRODESTILADOR TE012C2', 'UN');
INSERT INTO produtos VALUES ('228313', 'ERITROSINA', 'G');
INSERT INTO produtos VALUES ('228910', 'BALÃO VOLUMÉTRICO 20', 'UN');
INSERT INTO produtos VALUES ('229022', 'BALÃO FUNDO CHATO 250', 'ML');
INSERT INTO produtos VALUES ('229384', 'BALÃO VOLUMÉTRICO 20', 'UN');
INSERT INTO produtos VALUES ('229707', 'HIDROXIDO DE SODIO EM PEROLAS PA', 'G');
INSERT INTO produtos VALUES ('23038698', 'MICROPIPETA MONOCANAL 10 ML', 'ML');
INSERT INTO produtos VALUES ('2307294093', 'ALFA NAFTOL 2516865__2898', 'G');
INSERT INTO produtos VALUES ('2310195779', 'ÁCIDO SULFURICO PA', 'ML');
INSERT INTO produtos VALUES ('232502', 'ÁCIDO OXALICO', 'G');
INSERT INTO produtos VALUES ('232718', 'SACAROSE PA', 'G');
INSERT INTO produtos VALUES ('2332113', 'ÁCIDO CITRICO F REAGENTE', 'ML');
INSERT INTO produtos VALUES ('235115', 'SOLUÇÃO DE TAMPÃO 401', 'ML');
INSERT INTO produtos VALUES ('236151', 'BALÃO VOLUMÉTRICO 20', 'UN');
INSERT INTO produtos VALUES ('236210', 'BECKER PLÁSTICO 20', 'UN');
INSERT INTO produtos VALUES ('236262', 'BURETA 50', 'UN');
INSERT INTO produtos VALUES ('237900', 'CADINHO DE PORCELANA 250', 'UN');
INSERT INTO produtos VALUES ('241309', 'EDTA SAL DISODICO', 'G');
INSERT INTO produtos VALUES ('242919', 'CELITE 545', 'G');
INSERT INTO produtos VALUES ('243462', 'IODATO DE POTÁSIO', 'G');
INSERT INTO produtos VALUES ('244080', 'BASTÃO DE VIDRO', 'UN');
INSERT INTO produtos VALUES ('244107', 'BECKER PLÁSTICO 20', 'UN');
INSERT INTO produtos VALUES ('244803', 'CLORIDRATO DE HIDROXILAMINA 24807_', 'G');
INSERT INTO produtos VALUES ('245158', 'SILICAGEL AZUL', 'G');
INSERT INTO produtos VALUES ('247408', 'ANTRONA', 'G');
INSERT INTO produtos VALUES ('2500751', 'FOSFATO DE SODIO BIBASICO ANIDRO', 'G');
INSERT INTO produtos VALUES ('2500929', 'DEXTRANA 280 MG', 'G');
INSERT INTO produtos VALUES ('2501234', 'ERLEMEYER 50', 'UN');
INSERT INTO produtos VALUES ('2501311', 'PROVETA VIDRO 10 ML', 'ML');
INSERT INTO produtos VALUES ('250226', 'NITRATO DE PRATA', 'G');
INSERT INTO produtos VALUES ('2502873', 'BURETA 25', 'UN');
INSERT INTO produtos VALUES ('250331', 'CARBONO BLOCK DE 10', 'UN');
INSERT INTO produtos VALUES ('250357', 'DEIONIZADOR 10 WHITE', 'UN');
INSERT INTO produtos VALUES ('250560', 'BECKER VIDRO 10', 'UN');
INSERT INTO produtos VALUES ('250670', 'KCL 3M', 'ML');
INSERT INTO produtos VALUES ('2506979', 'ÁCIDO BENZÓICO', 'G');
INSERT INTO produtos VALUES ('250713', 'LICL', 'ML');
INSERT INTO produtos VALUES ('2507920', 'GLICOSE ANIDRA', 'G');
INSERT INTO produtos VALUES ('2507933', 'ACETATO DE SODIO ANIDRO', 'G');
INSERT INTO produtos VALUES ('2508047', 'FOSFATO DE POTÁSIO MONOBASICO ANIDRO', 'G');
INSERT INTO produtos VALUES ('2508304', 'SUGARPOL', 'G');
INSERT INTO produtos VALUES ('250873', 'BECKER VIDRO 10', 'UN');
INSERT INTO produtos VALUES ('2509228', 'VIOLETA CRISTAL PA', 'G');
INSERT INTO produtos VALUES ('2510447', 'BMLACTANTE', 'UN');
INSERT INTO produtos VALUES ('2510482', 'BIFTALATO DE POTASIO', 'G');
INSERT INTO produtos VALUES ('2510490', 'MOLIBDATO DE SODIO DIHIDRATADO P A', 'G');
INSERT INTO produtos VALUES ('2510498', 'CUBETA 10 ML HACH 25M', 'ML');
INSERT INTO produtos VALUES ('2516841', 'BANDEJA CONTENÇÃO 35X30X5 CM', 'UN');
INSERT INTO produtos VALUES ('2516866', 'BISULFITO DE SÓDIO', 'G');
INSERT INTO produtos VALUES ('2516889', 'VERDE DE BROMOCRESOL', 'G');
INSERT INTO produtos VALUES ('2518091', 'LENTE OPTICA SACARIMETRO ESF VD 155M', 'UN');
INSERT INTO produtos VALUES ('2518296', 'PAPAINA', 'G');
INSERT INTO produtos VALUES ('2518477', 'PADRÃO SILICA 10 PM', 'ML');
INSERT INTO produtos VALUES ('2518522', 'VERMELHO DE METILA', 'G');
INSERT INTO produtos VALUES ('2522245', 'FRASCO DE AMOSTRA50', 'UN');
INSERT INTO produtos VALUES ('2525957', 'SUPORTE ELETRODOS ARTIC ABSAC G 360', 'G');
INSERT INTO produtos VALUES ('2527578', 'ELETRODO METROHM TITRINO', 'UN');
INSERT INTO produtos VALUES ('252936', 'BECKER PLÁSTICO 20', 'UN');
INSERT INTO produtos VALUES ('2531355', 'MIXER VERTICAL', 'UN');
INSERT INTO produtos VALUES ('2532113', 'ÁCIDO CITRICO F REAGENTE', 'ML');
INSERT INTO produtos VALUES ('2535561', 'LAMPADA ESPECTROFOTOMETRO HACH DR50', 'UN');
INSERT INTO produtos VALUES ('2536010', 'SUPORTE ELETRODOS ARTIC ABSAC G 360', 'G');
INSERT INTO produtos VALUES ('2538177', 'SOLUÇÃO DE CONDUTIVIDADE 5 MRC', 'ML');
INSERT INTO produtos VALUES ('2538622', 'TERMOCOMPENSADOR', 'UN');
INSERT INTO produtos VALUES ('2540595', 'PISETA 50', 'UN');
INSERT INTO produtos VALUES ('2542405', 'FRASCO CONTA GOTAS 10 ML', 'ML');
INSERT INTO produtos VALUES ('2542826', 'PRETO DE ERIOCROMO', 'G');
INSERT INTO produtos VALUES ('2546181', 'FEROVER', 'UN');
INSERT INTO produtos VALUES ('2546222', 'FACA IRBI C01310', 'UN');
INSERT INTO produtos VALUES ('2546239', 'D GLUCOSE', 'G');
INSERT INTO produtos VALUES ('2546259', 'DISPENSADOR 05 5 ML', 'ML');
INSERT INTO produtos VALUES ('2546267', 'SOLUCAO TAMPAO LIMP INORG TIOUREIA', 'ML');
INSERT INTO produtos VALUES ('2546268', 'ALARANJADO DE METILA', 'G');
INSERT INTO produtos VALUES ('2546962', 'TESTE COLILERT AGUA 10ML KIT20 TESTE', 'UN');
INSERT INTO produtos VALUES ('2547148', 'ÁCIDO BORICO PA', 'G');
INSERT INTO produtos VALUES ('254830', 'PISETA 50', 'UN');
INSERT INTO produtos VALUES ('2548430', 'FRASCO DE AMOSTRA50', 'UN');
INSERT INTO produtos VALUES ('2549175', 'MICRO FILTRO 25M 05 MICRAS', 'UN');
INSERT INTO produtos VALUES ('2549176', 'FILTRO SERINGA P 25M 30ΜM CX6UN', 'UN');
INSERT INTO produtos VALUES ('2549277', 'PADRÃO PRIMARIO TURBIDEZ', 'UN');
INSERT INTO produtos VALUES ('2549548', 'CAMERA MICROSCOPIO CAM50', 'UN');
INSERT INTO produtos VALUES ('2549962', 'AZUL DE METILENO', 'G');
INSERT INTO produtos VALUES ('2551152', 'SULFITO DE SODIO ANIDRO', 'G');
INSERT INTO produtos VALUES ('2551153', 'AMIDO SOLÚVEL', 'G');
INSERT INTO produtos VALUES ('2555296', 'PROTECAO TECNAL TE012M', 'UN');
INSERT INTO produtos VALUES ('255755', 'CL 1 REAGENTE DE CLORO', 'ML');
INSERT INTO produtos VALUES ('255756', 'CL 1 REAGENTE DE CLORO', 'ML');
INSERT INTO produtos VALUES ('2559515', 'CLORETO DE ESTANHO OSO 2H20', 'G');
INSERT INTO produtos VALUES ('2560690', 'CUBETA 25ML HACH 25M', 'UN');
INSERT INTO produtos VALUES ('2560704', 'BECKER VIDRO 10', 'UN');
INSERT INTO produtos VALUES ('2560713', 'KITASATO 50', 'UN');
INSERT INTO produtos VALUES ('2564028', 'CUBETA POLIESTIRENO 25M', 'UN');
INSERT INTO produtos VALUES ('2564872', 'KITASATO 10 ML', 'ML');
INSERT INTO produtos VALUES ('2565831', 'SOLUCAO PAD REDOX 28MV', 'ML');
INSERT INTO produtos VALUES ('2565889', 'SOLUCAO TAMPAO LIMP ORG PEPSINA', 'ML');
INSERT INTO produtos VALUES ('2567819', 'CUBETA VD OPT 10ML 54X25M', 'UN');
INSERT INTO produtos VALUES ('2570809', 'KIT TESTE CLORO', 'UN');
INSERT INTO produtos VALUES ('257411', 'CADINHO FUSAO PORC 125ML', 'UN');
INSERT INTO produtos VALUES ('2575371', 'HYDRANAL COULOMAT COMPOSITE 5', 'ML');
INSERT INTO produtos VALUES ('2575393', 'BANDEJA CONTENÇÃO 65X45X8 CM', 'UN');
INSERT INTO produtos VALUES ('2575466', 'HYDRANAL METHANOL RAPID', 'ML');
INSERT INTO produtos VALUES ('2580599', 'REAGENTE MOLYBDATE PO', 'UN');
INSERT INTO produtos VALUES ('2580993', 'REAGENTE ÁCIDO', 'UN');
INSERT INTO produtos VALUES ('2580997', 'ÁCIDO CITRICO F REAGENTE', 'UN');
INSERT INTO produtos VALUES ('2582270', 'VALVULA CONTRA PESO VERT LT BSP 12', 'UN');
INSERT INTO produtos VALUES ('2584390', 'ELETRODO CV9 ANIDRO', 'UN');
INSERT INTO produtos VALUES ('2584424', 'HYDRANAL METHANOL RAPID', 'ML');
INSERT INTO produtos VALUES ('2586010', 'HYDRANAL COULOMAT AG', 'UN');
INSERT INTO produtos VALUES ('2591272', 'FRASCO DE AMOSTRA 50 NALGON', 'UN');
INSERT INTO produtos VALUES ('260368', 'CLORETO DE BÁRIO', 'G');
INSERT INTO produtos VALUES ('260570', 'KCL 3M 659', 'ML');
INSERT INTO produtos VALUES ('264902', 'ALCOL ETILICO ABSOLUTO', 'ML');
INSERT INTO produtos VALUES ('266441', 'AMINO ÁCIDO F REAGENTE', 'ML');
INSERT INTO produtos VALUES ('268437', 'FRASCO DE AMOSTRA50', 'UN');
INSERT INTO produtos VALUES ('268620', 'DICROMATO DE POTÁSIO', 'G');
INSERT INTO produtos VALUES ('268628', 'CLORETO DE SODIO', 'G');
INSERT INTO produtos VALUES ('268763', 'DEHA 2', 'ML');
INSERT INTO produtos VALUES ('268766', 'DEHA 1', 'UN');
INSERT INTO produtos VALUES ('268849', 'ERLEMEYER 50', 'UN');
INSERT INTO produtos VALUES ('269083', 'IODATO DE POTÁSIO', 'G');
INSERT INTO produtos VALUES ('269221', 'TUBO KOLMER 15', 'UN');
INSERT INTO produtos VALUES ('271177', 'FUNIL VIDRO HASTE CURTA', 'UN');
INSERT INTO produtos VALUES ('273110', 'FACA TECNAL SG050DI', 'UN');
INSERT INTO produtos VALUES ('273462', 'IODATO DE POTÁSIO', 'G');
INSERT INTO produtos VALUES ('273489', 'FUNIL VIDRO HASTE LONGA', 'UN');
INSERT INTO produtos VALUES ('273733', 'CARBONATO DE SÓDIO', 'G');
INSERT INTO produtos VALUES ('273737', 'CARBONATO DE SÓDIO', 'G');
INSERT INTO produtos VALUES ('273747', 'CITRATO DE SÓDIO', 'G');
INSERT INTO produtos VALUES ('273824', 'SULFATO DE COBRE', 'G');
INSERT INTO produtos VALUES ('274181', 'BALÃO VOLUMÉTRICO 20', 'UN');
INSERT INTO produtos VALUES ('275207', 'LUVA LATEX P', 'UN');
INSERT INTO produtos VALUES ('277444', 'DPD CLORO LIVRE', 'UN');
INSERT INTO produtos VALUES ('282574', 'BALÃO VOLUMÉTRICO 20', 'UN');
INSERT INTO produtos VALUES ('284670', 'TIOSULFATO SODIO PENTAHIDRAT', 'G');
INSERT INTO produtos VALUES ('288007', 'BALÃO VOLUMÉTRICO 20', 'UN');
INSERT INTO produtos VALUES ('289888', 'ALFA NAFTOL', 'G');
INSERT INTO produtos VALUES ('289925', 'HIDROXIDO SODIO LIQUIDO 5052', 'ML');
INSERT INTO produtos VALUES ('290308', 'SOLUÇÃO DE TAMPÃO 401', 'ML');
INSERT INTO produtos VALUES ('291555', 'BECKER VIDRO 10', 'UN');
INSERT INTO produtos VALUES ('292642', 'BALÃO VOLUMÉTRICO 20', 'UN');
INSERT INTO produtos VALUES ('295219', 'TARTARATO DE SÓDIO E POTÁSIO', 'G');
INSERT INTO produtos VALUES ('295638', 'CLORETO DE COBALTO', 'G');
INSERT INTO produtos VALUES ('295643', 'CITRATO DE AMÔNIO', 'G');
INSERT INTO produtos VALUES ('295660', 'CLORETO DE PRATA', 'G');
INSERT INTO produtos VALUES ('298198', 'BARAMAGNETICA 8X20M', 'UN');
INSERT INTO produtos VALUES ('304902', 'HIDROXIDO DE AMONIO PA', 'ML');
INSERT INTO produtos VALUES ('305599', 'CUBETA 40M 14 ML FOSFATO', 'ML');
INSERT INTO produtos VALUES ('310138', 'CROMATO DE POTASIO', 'G');
INSERT INTO produtos VALUES ('316259', 'SOLUÇÃO DE CONDUTIVIDADE 5 ΜSCM', 'ML');
INSERT INTO produtos VALUES ('317270', 'ÁCIDO TRICLOACETICO', 'G');
INSERT INTO produtos VALUES ('40700071', 'CONTROLADOR PRADETERMIN TESPRO', 'UN');
INSERT INTO produtos VALUES ('423739', 'SOLUÇÃO DE TAMPÃO 401', 'ML');
INSERT INTO produtos VALUES ('423747', 'SOLUÇÃO DE TAMPÃO MRC 686', 'ML');
INSERT INTO produtos VALUES ('425167', 'FENOLFTALEINA', 'G');
INSERT INTO produtos VALUES ('432899', 'CONEXÃO PNEUMATICA 10M 14 TESPRO', 'UN');
INSERT INTO produtos VALUES ('462810', 'BALÃO FUNDO CHATO 250', 'UN');
INSERT INTO produtos VALUES ('464618', 'CARVÃO ATIVADO PÓ', 'G');
INSERT INTO produtos VALUES ('464675', 'ECOL MENTOL ELON PHOTOREX', 'G');
INSERT INTO produtos VALUES ('476721', 'CARBONATO DE CÁLCIO', 'G');
INSERT INTO produtos VALUES ('483782', 'CUBETA 1 CM 35 ML', 'ML');
INSERT INTO produtos VALUES ('485300', 'FEROZINE REAGENTE SOLUÇÃO ALMOFADA', 'UN');
INSERT INTO produtos VALUES ('50306001', 'CONEXÃO EMENDA 34 TESPRO', 'UN');
INSERT INTO produtos VALUES ('50317001', 'KIT REPARO INOX 304 3V TESPRO', 'UN');
INSERT INTO produtos VALUES ('50502003', 'BOBINA SOLENOIDE 20 TESPRO', 'UN');
INSERT INTO produtos VALUES ('50505001', 'FILTRO REGULADOR PRESÃO TESPRO', 'UN');
INSERT INTO produtos VALUES ('50507002', 'CONEXÃO PNEUMATICA 10M 14 TESPRO', 'UN');
INSERT INTO produtos VALUES ('50508001', 'COTOVELO MACHO 10M TESPRO 14', 'UN');
INSERT INTO produtos VALUES ('50509001', 'BANJO PNEUMATICO CONTR TESPRO', 'UN');
INSERT INTO produtos VALUES ('50514006', 'KIT REPARO CILINDRO 40 M TESPRO', 'UN');
INSERT INTO produtos VALUES ('50514007', 'KIT REPARO CILINDRO 63M TESPRO', 'UN');
INSERT INTO produtos VALUES ('50514039', 'KIT PROTEÇÃO CINDROS TESPRO', 'UN');
INSERT INTO produtos VALUES ('5058001', 'COTOVELO MACHO 8M 14 TESPRO', 'UN');
INSERT INTO produtos VALUES ('50801006', 'CABO EXTENSOR C CONECTOR TESPRO', 'UN');
INSERT INTO produtos VALUES ('50802003', 'CABO EXTENSOR M8 3P TESPRO', 'UN');
INSERT INTO produtos VALUES ('51001001', 'CONTROLADOR TEMPERTURA TESPRO', 'UN');
INSERT INTO produtos VALUES ('51101009', 'COREIA SINCRONIZADORA TESPRO', 'UN');
INSERT INTO produtos VALUES ('540012', 'JOGO MARTELO FIXO 15 IRBI DM', 'UN');
INSERT INTO produtos VALUES ('56700051223', 'SOLUÇÃO DE CONDUTIVIDADE 5 ΜSCM', 'ML');
INSERT INTO produtos VALUES ('60073915', 'LAMPADA XDS FOS', 'UN');
INSERT INTO produtos VALUES ('67430050', 'LAMPADA METROHM', 'UN');
INSERT INTO lotes VALUES (1, '10017228', 'CARTUCHO_CONTRA_VAPORES_ORGÂNICOS_', 'GENERICO', NULL);
INSERT INTO lotes VALUES (2, '100857', '26012', 'MERCK', NULL);
INSERT INTO lotes VALUES (3, '101813', '2595702', 'MERCK', NULL);
INSERT INTO lotes VALUES (4, '109624', 'SACAROSE_PA_26082', 'DINAMICA', NULL);
INSERT INTO lotes VALUES (5, '114761', '2595703', 'MERCK', NULL);
INSERT INTO lotes VALUES (6, '114794', '2595705', 'MERCK', NULL);
INSERT INTO lotes VALUES (7, '114897', '2602965', 'MERCK', NULL);
INSERT INTO lotes VALUES (8, '119151', '2595701', 'MERCK', NULL);
INSERT INTO lotes VALUES (9, '201456', '403', 'DIGIMED', NULL);
INSERT INTO lotes VALUES (10, '201456', '5067', 'DIGIMED', NULL);
INSERT INTO lotes VALUES (11, '201456', '5693', 'DIGIMED', NULL);
INSERT INTO lotes VALUES (12, '201456', '6310', 'DIGIMED', NULL);
INSERT INTO lotes VALUES (13, '201456', '642', 'DIGIMED', NULL);
INSERT INTO lotes VALUES (14, '201905', '012682', 'GENERICO', NULL);
INSERT INTO lotes VALUES (15, '201905', '2365468', 'DIGIMED', NULL);
INSERT INTO lotes VALUES (16, '201905', '2365473', 'DIGIMED', NULL);
INSERT INTO lotes VALUES (17, '201905', '24A65', 'DIGIMED', NULL);
INSERT INTO lotes VALUES (18, '201905', '24A703', 'DIGIMED', NULL);
INSERT INTO lotes VALUES (19, '201905', '24B1267', 'DIGIMED', NULL);
INSERT INTO lotes VALUES (20, '201905', '24B137', 'DIGIMED', NULL);
INSERT INTO lotes VALUES (21, '201905', '24B138', 'DIGIMED', NULL);
INSERT INTO lotes VALUES (22, '201905', '24F5070', 'DIGIMED', NULL);
INSERT INTO lotes VALUES (23, '201905', '24H6570', 'DIGIMED', NULL);
INSERT INTO lotes VALUES (24, '201905', '25C2316', 'DIGIMED', NULL);
INSERT INTO lotes VALUES (25, '203910', 'DENSÍMETRO', 'GENERICO', NULL);
INSERT INTO lotes VALUES (26, '203923', 'ERLEMEYER', 'GENERICO', NULL);
INSERT INTO lotes VALUES (27, '204813', '13564', 'GENERICO', NULL);
INSERT INTO lotes VALUES (28, '204813', '15084', 'GENERICO', NULL);
INSERT INTO lotes VALUES (29, '204813', '1586', 'GENERICO', NULL);
INSERT INTO lotes VALUES (30, '204813', '16483', 'GENERICO', NULL);
INSERT INTO lotes VALUES (31, '204813', '1683', 'GENERICO', NULL);
INSERT INTO lotes VALUES (32, '204813', '1732', 'GENERICO', NULL);
INSERT INTO lotes VALUES (33, '204813', '1809', 'GENERICO', NULL);
INSERT INTO lotes VALUES (34, '204813', '25270', 'SYNTH', NULL);
INSERT INTO lotes VALUES (35, '204813', '3049', 'ZILQUIMICA', NULL);
INSERT INTO lotes VALUES (36, '204813', '6478', 'GENERICO', NULL);
INSERT INTO lotes VALUES (37, '204813', '7542', 'GENERICO', NULL);
INSERT INTO lotes VALUES (38, '204813', '970', 'GENERICO', NULL);
INSERT INTO lotes VALUES (39, '2050006056', 'COROA', 'GENERICO', NULL);
INSERT INTO lotes VALUES (40, '205916', '24B729', 'DIGIMED', NULL);
INSERT INTO lotes VALUES (41, '205916', '24E362', 'DIGIMED', NULL);
INSERT INTO lotes VALUES (42, '205916', 'CONDUTIVIMETRO', 'DIGIMED', NULL);
INSERT INTO lotes VALUES (43, '207076', '5813', 'GENERICO', NULL);
INSERT INTO lotes VALUES (44, '211453', '207A', 'HACH', NULL);
INSERT INTO lotes VALUES (45, '211453', '2178', 'GENERICO', NULL);
INSERT INTO lotes VALUES (46, '211453', '310', 'HACH', NULL);
INSERT INTO lotes VALUES (47, '211453', '434', 'HACH', NULL);
INSERT INTO lotes VALUES (48, '211453', '5084', 'HACH', NULL);
INSERT INTO lotes VALUES (49, '211453', 'A0203', 'HACH', NULL);
INSERT INTO lotes VALUES (50, '211453', 'A131', 'HACH', NULL);
INSERT INTO lotes VALUES (51, '211453', 'A3215', 'GENERICO', NULL);
INSERT INTO lotes VALUES (52, '211453', 'A340', 'HACH', NULL);
INSERT INTO lotes VALUES (53, '212921', '1737', 'DIGIMED', NULL);
INSERT INTO lotes VALUES (54, '212921', '3419', 'DIGIMED', NULL);
INSERT INTO lotes VALUES (55, '212921', '3467', 'DIGIMED', NULL);
INSERT INTO lotes VALUES (56, '212921', '5641412123', 'DIGIMED', NULL);
INSERT INTO lotes VALUES (57, '212921', '656', 'GENERICO', NULL);
INSERT INTO lotes VALUES (58, '212921', '680625', 'GENERICO', NULL);
INSERT INTO lotes VALUES (59, '212921', '7183', 'DIGIMED', NULL);
INSERT INTO lotes VALUES (60, '212922', '12108', 'GENERICO', NULL);
INSERT INTO lotes VALUES (61, '212922', '13468', 'GENERICO', NULL);
INSERT INTO lotes VALUES (62, '212922', '15189', 'GENERICO', NULL);
INSERT INTO lotes VALUES (63, '212922', '16419', 'GENERICO', NULL);
INSERT INTO lotes VALUES (64, '212922', '16970', 'GENERICO', NULL);
INSERT INTO lotes VALUES (65, '212922', '23020939', 'GENERICO', NULL);
INSERT INTO lotes VALUES (66, '212922', '3906', 'GENERICO', NULL);
INSERT INTO lotes VALUES (67, '212922', '6369', 'GENERICO', NULL);
INSERT INTO lotes VALUES (68, '212922', '714', 'GENERICO', NULL);
INSERT INTO lotes VALUES (69, '212922', '715', 'GENERICO', NULL);
INSERT INTO lotes VALUES (70, '212922', 'K54716731239', 'MERCK', NULL);
INSERT INTO lotes VALUES (71, '212922', 'Z0925831415', 'GENERICO', NULL);
INSERT INTO lotes VALUES (72, '213751', 'AN32741RA', 'VETEC', NULL);
INSERT INTO lotes VALUES (73, '216000', '13191', 'GENERICO', NULL);
INSERT INTO lotes VALUES (74, '216000', '14212', 'GENERICO', NULL);
INSERT INTO lotes VALUES (75, '216004', '12974', 'GENERICO', NULL);
INSERT INTO lotes VALUES (76, '216004', 'BCF4168', 'SIGMA', NULL);
INSERT INTO lotes VALUES (77, '216014', 'DENSÍMETRO', 'GENERICO', NULL);
INSERT INTO lotes VALUES (78, '217572', '805', 'GENERICO', NULL);
INSERT INTO lotes VALUES (79, '217572', '9796', 'GENERICO', NULL);
INSERT INTO lotes VALUES (80, '217626', 'AERÔMETRO', 'GENERICO', NULL);
INSERT INTO lotes VALUES (81, '219197', '23G5031', 'DIGIMED', NULL);
INSERT INTO lotes VALUES (82, '219197', '24B16', 'DIGIMED', NULL);
INSERT INTO lotes VALUES (83, '219197', 'CONDUTIVIMETRO', 'DIGIMED', NULL);
INSERT INTO lotes VALUES (84, '220189', '15092', 'GENERICO', NULL);
INSERT INTO lotes VALUES (85, '220189', '25926', 'GENERICO', NULL);
INSERT INTO lotes VALUES (86, '220189', '501018', 'GENERICO', NULL);
INSERT INTO lotes VALUES (87, '221475', 'GRAXA_DE_SILICONE_', 'SYNTH', NULL);
INSERT INTO lotes VALUES (88, '221718', '12769', 'GENERICO', NULL);
INSERT INTO lotes VALUES (89, '221718', '30393', 'ANIDROL', NULL);
INSERT INTO lotes VALUES (90, '221718', '419416', 'GENERICO', NULL);
INSERT INTO lotes VALUES (91, '221727', 'K4257636', 'MERCK', NULL);
INSERT INTO lotes VALUES (92, '221728', '12082', 'GENERICO', NULL);
INSERT INTO lotes VALUES (93, '221728', '25741', 'SYNTH', NULL);
INSERT INTO lotes VALUES (94, '221883', '1210', 'GENERICO', NULL);
INSERT INTO lotes VALUES (95, '221883', '267421', 'SYNTH', NULL);
INSERT INTO lotes VALUES (96, '221912', '1491', 'GENERICO', NULL);
INSERT INTO lotes VALUES (97, '221912', '4287', 'GENERICO', NULL);
INSERT INTO lotes VALUES (98, '221912', 'K41867278', 'MERCK', NULL);
INSERT INTO lotes VALUES (99, '222350', '2105016', 'GENERICO', NULL);
INSERT INTO lotes VALUES (100, '222926', '135', 'GENERICO', NULL);
INSERT INTO lotes VALUES (101, '222926', 'SLCJ5763', 'SIGMA', NULL);
INSERT INTO lotes VALUES (102, '222988', '2LTA1605', 'GENERICO', NULL);
INSERT INTO lotes VALUES (103, '222988', 'SLXTA132S', 'GENERICO', NULL);
INSERT INTO lotes VALUES (104, '223766', '164181819', 'GENERICO', NULL);
INSERT INTO lotes VALUES (105, '223766', 'CRM50', 'GENERICO', NULL);
INSERT INTO lotes VALUES (106, '223972', 'DESECADOR', 'GENERICO', NULL);
INSERT INTO lotes VALUES (107, '224298', '23J702', 'DIGIMED', NULL);
INSERT INTO lotes VALUES (108, '224298', '24B123', 'DIGIMED', NULL);
INSERT INTO lotes VALUES (109, '224298', '24F5017', 'DIGIMED', NULL);
INSERT INTO lotes VALUES (110, '224298', 'ELETRODO', 'DIGIMED', NULL);
INSERT INTO lotes VALUES (111, '224702', 'BALÃO', 'GENERICO', NULL);
INSERT INTO lotes VALUES (112, '225148', 'BECKER', 'GENERICO', NULL);
INSERT INTO lotes VALUES (113, '226286', 'BECKER', 'GENERICO', NULL);
INSERT INTO lotes VALUES (114, '226287', 'BECKER', 'GENERICO', NULL);
INSERT INTO lotes VALUES (115, '226291', 'BECKER', 'GENERICO', NULL);
INSERT INTO lotes VALUES (116, '226292', 'FUNIL', 'GENERICO', NULL);
INSERT INTO lotes VALUES (117, '226441', '187', 'HACH', NULL);
INSERT INTO lotes VALUES (118, '226441', '206', 'HACH', NULL);
INSERT INTO lotes VALUES (119, '226441', '2095', 'HACH', NULL);
INSERT INTO lotes VALUES (120, '226441', '27', 'HACH', NULL);
INSERT INTO lotes VALUES (121, '226441', '305', 'HACH', NULL);
INSERT INTO lotes VALUES (122, '226441', '3171', 'HACH', NULL);
INSERT INTO lotes VALUES (123, '226441', '319', 'HACH', NULL);
INSERT INTO lotes VALUES (124, '226441', '3275', 'HACH', NULL);
INSERT INTO lotes VALUES (125, '226441', '4058', 'HACH', NULL);
INSERT INTO lotes VALUES (126, '226441', '412', 'HACH', NULL);
INSERT INTO lotes VALUES (127, '226441', '4142', 'HACH', NULL);
INSERT INTO lotes VALUES (128, '226441', '4234', 'HACH', NULL);
INSERT INTO lotes VALUES (129, '226441', '4256', 'HACH', NULL);
INSERT INTO lotes VALUES (130, '226441', '5023', 'HACH', NULL);
INSERT INTO lotes VALUES (131, '226441', '5094', 'HACH', NULL);
INSERT INTO lotes VALUES (132, '226441', '5357', 'HACH', NULL);
INSERT INTO lotes VALUES (133, '226441', '627', 'HACH', NULL);
INSERT INTO lotes VALUES (134, '226441', '8143', 'HACH', NULL);
INSERT INTO lotes VALUES (135, '226441', '8192', 'HACH', NULL);
INSERT INTO lotes VALUES (136, '226682', '24', 'HACH', NULL);
INSERT INTO lotes VALUES (137, '226682', '3019', 'HACH', NULL);
INSERT INTO lotes VALUES (138, '226682', '3102', 'HACH', NULL);
INSERT INTO lotes VALUES (139, '226682', '3198', 'HACH', NULL);
INSERT INTO lotes VALUES (140, '226682', '341', 'HACH', NULL);
INSERT INTO lotes VALUES (141, '226682', '362', 'HACH', NULL);
INSERT INTO lotes VALUES (142, '226682', '402', 'HACH', NULL);
INSERT INTO lotes VALUES (143, '226682', '416', 'HACH', NULL);
INSERT INTO lotes VALUES (144, '226682', '4298', 'HACH', NULL);
INSERT INTO lotes VALUES (145, '226682', 'A0132', 'HACH', NULL);
INSERT INTO lotes VALUES (146, '226682', 'A0210', 'HACH', NULL);
INSERT INTO lotes VALUES (147, '226682', 'A6048', 'HACH', NULL);
INSERT INTO lotes VALUES (148, '226682', 'A6109', 'HACH', NULL);
INSERT INTO lotes VALUES (149, '226682', 'A6152', 'HACH', NULL);
INSERT INTO lotes VALUES (150, '226682', 'A6239', 'HACH', NULL);
INSERT INTO lotes VALUES (151, '226682', 'A6250', 'HACH', NULL);
INSERT INTO lotes VALUES (152, '226682', 'A636', 'HACH', NULL);
INSERT INTO lotes VALUES (153, '227332', '5028289631924', 'GENERICO', NULL);
INSERT INTO lotes VALUES (154, '227332', '5029816834194', 'GENERICO', NULL);
INSERT INTO lotes VALUES (155, '227332', '601531', 'GENERICO', NULL);
INSERT INTO lotes VALUES (156, '227332', '6016513', 'GENERICO', NULL);
INSERT INTO lotes VALUES (157, '227332', '6016961', 'GENERICO', NULL);
INSERT INTO lotes VALUES (158, '227448', 'CALDEIRA', 'GENERICO', NULL);
INSERT INTO lotes VALUES (159, '228313', '208034652', 'GENERICO', NULL);
INSERT INTO lotes VALUES (160, '228313', '96013', 'DINAMICA', NULL);
INSERT INTO lotes VALUES (161, '228910', 'A10182', 'GENERICO', NULL);
INSERT INTO lotes VALUES (162, '229022', 'A10151', 'GENERICO', NULL);
INSERT INTO lotes VALUES (163, '229022', 'BALÃO', 'GENERICO', NULL);
INSERT INTO lotes VALUES (164, '229384', 'A10194', 'GENERICO', NULL);
INSERT INTO lotes VALUES (165, '229707', '1206', 'GENERICO', NULL);
INSERT INTO lotes VALUES (166, '229707', '1327', 'GENERICO', NULL);
INSERT INTO lotes VALUES (167, '229707', '1901210406', 'GENERICO', NULL);
INSERT INTO lotes VALUES (168, '229707', '213694', 'SYNTH', NULL);
INSERT INTO lotes VALUES (169, '229707', '214304', 'SYNTH', NULL);
INSERT INTO lotes VALUES (170, '229707', '23124', 'SYNTH', NULL);
INSERT INTO lotes VALUES (171, '229707', '267146', 'SYNTH', NULL);
INSERT INTO lotes VALUES (172, '229707', '27073', 'SYNTH', NULL);
INSERT INTO lotes VALUES (173, '229707', '273493', 'SYNTH', NULL);
INSERT INTO lotes VALUES (174, '229707', '2762', 'SYNTH', NULL);
INSERT INTO lotes VALUES (175, '229707', '278472', 'SYNTH', NULL);
INSERT INTO lotes VALUES (176, '229707', '30672', 'ANIDROL', NULL);
INSERT INTO lotes VALUES (177, '229707', '7302', 'GENERICO', NULL);
INSERT INTO lotes VALUES (178, '23038698', 'MICROPIPETA', 'GENERICO', NULL);
INSERT INTO lotes VALUES (179, '2307294093', 'ALFA_NAFTOL_', 'GENERICO', NULL);
INSERT INTO lotes VALUES (180, '2310195779', 'ÁCIDO_SULFURICO_PA_', 'GENERICO', NULL);
INSERT INTO lotes VALUES (181, '232502', '10801', 'GENERICO', NULL);
INSERT INTO lotes VALUES (182, '232502', '5160', 'GENERICO', NULL);
INSERT INTO lotes VALUES (183, '232718', '123570', 'DINAMICA', NULL);
INSERT INTO lotes VALUES (184, '232718', '1356', 'DINAMICA', NULL);
INSERT INTO lotes VALUES (185, '232718', '26082', 'SYNTH', NULL);
INSERT INTO lotes VALUES (186, '232718', '57604', 'NEON', NULL);
INSERT INTO lotes VALUES (187, '2332113', '293', 'GENERICO', NULL);
INSERT INTO lotes VALUES (188, '2332113', '360', 'HACH', NULL);
INSERT INTO lotes VALUES (189, '2332113', '6026', 'HACH', NULL);
INSERT INTO lotes VALUES (190, '2332113', '903', 'HACH', NULL);
INSERT INTO lotes VALUES (191, '2332113', 'A8191', 'HACH', NULL);
INSERT INTO lotes VALUES (192, '235115', '1652', 'DIGIMED', NULL);
INSERT INTO lotes VALUES (193, '235115', '370', 'DIGIMED', NULL);
INSERT INTO lotes VALUES (194, '235115', '5095', 'DIGIMED', NULL);
INSERT INTO lotes VALUES (195, '236151', '474', 'GENERICO', NULL);
INSERT INTO lotes VALUES (196, '236151', 'BALÃO', 'GENERICO', NULL);
INSERT INTO lotes VALUES (197, '236210', 'BECKER', 'GENERICO', NULL);
INSERT INTO lotes VALUES (198, '236262', 'BURETA', 'GENERICO', NULL);
INSERT INTO lotes VALUES (199, '237900', 'CADINHO', 'GENERICO', NULL);
INSERT INTO lotes VALUES (200, '241309', '146159', 'SYNTH', NULL);
INSERT INTO lotes VALUES (201, '241309', '15612', 'GENERICO', NULL);
INSERT INTO lotes VALUES (202, '241309', '16924', 'GENERICO', NULL);
INSERT INTO lotes VALUES (203, '241309', '19752', 'DINAMICA', NULL);
INSERT INTO lotes VALUES (204, '241309', 'SLCG20', 'SIGMA', NULL);
INSERT INTO lotes VALUES (205, '242919', '2967', 'ANIDROL', NULL);
INSERT INTO lotes VALUES (206, '243462', '12198', 'GENERICO', NULL);
INSERT INTO lotes VALUES (207, '244080', 'BASTÃO', 'GENERICO', NULL);
INSERT INTO lotes VALUES (208, '244107', 'BECKER', 'GENERICO', NULL);
INSERT INTO lotes VALUES (209, '244803', '24198', 'SYNTH', NULL);
INSERT INTO lotes VALUES (210, '244803', '24708', 'SYNTH', NULL);
INSERT INTO lotes VALUES (211, '245158', '9156', 'SYNTH', NULL);
INSERT INTO lotes VALUES (212, '247408', '1728', 'GENERICO', NULL);
INSERT INTO lotes VALUES (213, '247408', '806803', 'VETEC', NULL);
INSERT INTO lotes VALUES (214, '2500751', '5840', 'GENERICO', NULL);
INSERT INTO lotes VALUES (215, '2500751', '693', 'GENERICO', NULL);
INSERT INTO lotes VALUES (216, '2500929', 'BCBW9563', 'SIGMA', NULL);
INSERT INTO lotes VALUES (217, '2501234', 'ERLEMEYER_125', 'GENERICO', NULL);
INSERT INTO lotes VALUES (218, '2501234', 'ERLEMEYER_125_', 'GENERICO', NULL);
INSERT INTO lotes VALUES (219, '2501311', '302C', 'GENERICO', NULL);
INSERT INTO lotes VALUES (220, '250226', '1205', 'GENERICO', NULL);
INSERT INTO lotes VALUES (221, '250226', 'MKCQ534', 'GENERICO', NULL);
INSERT INTO lotes VALUES (222, '2502873', 'BURETA', 'GENERICO', NULL);
INSERT INTO lotes VALUES (223, '250331', '3AT19147', 'GENERICO', NULL);
INSERT INTO lotes VALUES (224, '250357', '3AT43545', 'GENERICO', NULL);
INSERT INTO lotes VALUES (225, '250560', 'BECKER', 'GENERICO', NULL);
INSERT INTO lotes VALUES (226, '250670', '1735', 'DIGIMED', NULL);
INSERT INTO lotes VALUES (227, '250670', '2935', 'GENERICO', NULL);
INSERT INTO lotes VALUES (228, '250670', '3723', 'DIGIMED', NULL);
INSERT INTO lotes VALUES (229, '250670', '4251', 'GENERICO', NULL);
INSERT INTO lotes VALUES (230, '250670', '5317', 'DIGIMED', NULL);
INSERT INTO lotes VALUES (231, '250670', '5679', 'DIGIMED', NULL);
INSERT INTO lotes VALUES (232, '250670', '629', 'DIGIMED', NULL);
INSERT INTO lotes VALUES (233, '250670', '7398', 'DIGIMED', NULL);
INSERT INTO lotes VALUES (234, '2506979', '248951', 'SYNTH', NULL);
INSERT INTO lotes VALUES (235, '2506979', '259049', 'SYNTH', NULL);
INSERT INTO lotes VALUES (236, '2506979', 'K4176536', 'MERCK', NULL);
INSERT INTO lotes VALUES (237, '250713', '131', 'DIGIMED', NULL);
INSERT INTO lotes VALUES (238, '250713', '1742', 'DIGIMED', NULL);
INSERT INTO lotes VALUES (239, '250713', '310', 'GENERICO', NULL);
INSERT INTO lotes VALUES (240, '250713', '364', 'DIGIMED', NULL);
INSERT INTO lotes VALUES (241, '250713', '4235', 'GENERICO', NULL);
INSERT INTO lotes VALUES (242, '250713', '567', 'DIGIMED', NULL);
INSERT INTO lotes VALUES (243, '250713', '6320', 'DIGIMED', NULL);
INSERT INTO lotes VALUES (244, '250713', '67', 'DIGIMED', NULL);
INSERT INTO lotes VALUES (245, '2507920', 'SLCJ6478', 'SIGMA', NULL);
INSERT INTO lotes VALUES (246, '2507933', '2483', 'ANIDROL', NULL);
INSERT INTO lotes VALUES (247, '2508047', '251092', 'SYNTH', NULL);
INSERT INTO lotes VALUES (248, '2508047', '256361', 'SYNTH', NULL);
INSERT INTO lotes VALUES (249, '2508047', '257972', 'SYNTH', NULL);
INSERT INTO lotes VALUES (250, '2508047', '5415', 'NEON', NULL);
INSERT INTO lotes VALUES (251, '2508304', '2051052001', 'GENERICO', NULL);
INSERT INTO lotes VALUES (252, '2508304', '212320201', 'GENERICO', NULL);
INSERT INTO lotes VALUES (253, '2508304', '2126202801', 'GENERICO', NULL);
INSERT INTO lotes VALUES (254, '2508304', '230815139601', 'GENERICO', NULL);
INSERT INTO lotes VALUES (255, '2508304', '231219234301', 'GENERICO', NULL);
INSERT INTO lotes VALUES (256, '2508304', '240910171601', 'GENERICO', NULL);
INSERT INTO lotes VALUES (257, '2508304', '2412629801', 'GENERICO', NULL);
INSERT INTO lotes VALUES (258, '2508304', '250514067401', 'GENERICO', NULL);
INSERT INTO lotes VALUES (259, '2508304', '250918174901', 'GENERICO', NULL);
INSERT INTO lotes VALUES (260, '250873', 'BECKER', 'GENERICO', NULL);
INSERT INTO lotes VALUES (261, '2509228', '126560', 'DINAMICA', NULL);
INSERT INTO lotes VALUES (262, '2510447', '63535201', 'GENERICO', NULL);
INSERT INTO lotes VALUES (263, '2510447', '7213201', 'GENERICO', NULL);
INSERT INTO lotes VALUES (264, '2510482', '254138', 'VETEC', NULL);
INSERT INTO lotes VALUES (265, '2510482', '274910', 'SYNTH', NULL);
INSERT INTO lotes VALUES (266, '2510490', '249852', 'SYNTH', NULL);
INSERT INTO lotes VALUES (267, '2510498', 'CUBETA', 'HACH', NULL);
INSERT INTO lotes VALUES (268, '2516841', '135', 'GENERICO', NULL);
INSERT INTO lotes VALUES (269, '2516866', '2418', 'ANIDROL', NULL);
INSERT INTO lotes VALUES (270, '2516866', '254607', 'SYNTH', NULL);
INSERT INTO lotes VALUES (271, '2516889', '24597', 'SYNTH', NULL);
INSERT INTO lotes VALUES (272, '2518091', 'LENTE', 'GENERICO', NULL);
INSERT INTO lotes VALUES (273, '2518296', '120906', 'DINAMICA', NULL);
INSERT INTO lotes VALUES (274, '2518296', '2402140892', 'GENERICO', NULL);
INSERT INTO lotes VALUES (275, '2518296', '250128073', 'GENERICO', NULL);
INSERT INTO lotes VALUES (276, '2518477', 'F21JO56K', 'GENERICO', NULL);
INSERT INTO lotes VALUES (277, '2518522', '58653', 'GENERICO', NULL);
INSERT INTO lotes VALUES (278, '2522245', 'FRASCO_DE_AMOSTRA_50', 'GENERICO', NULL);
INSERT INTO lotes VALUES (279, '2525957', 'SUPORTE', 'DIGIMED', NULL);
INSERT INTO lotes VALUES (280, '2527578', '604310', 'GENERICO', NULL);
INSERT INTO lotes VALUES (281, '252936', 'BECKER', 'GENERICO', NULL);
INSERT INTO lotes VALUES (282, '2531355', '3413815', 'GENERICO', NULL);
INSERT INTO lotes VALUES (283, '2531355', '91020518', 'GENERICO', NULL);
INSERT INTO lotes VALUES (284, '2532113', '3024', 'HACH', NULL);
INSERT INTO lotes VALUES (285, '2532113', '3102', 'HACH', NULL);
INSERT INTO lotes VALUES (286, '2532113', '3151', 'HACH', NULL);
INSERT INTO lotes VALUES (287, '2532113', '3202', 'GENERICO', NULL);
INSERT INTO lotes VALUES (288, '2532113', '360', 'HACH', NULL);
INSERT INTO lotes VALUES (289, '2532113', '4019', 'HACH', NULL);
INSERT INTO lotes VALUES (290, '2532113', '4094', 'HACH', NULL);
INSERT INTO lotes VALUES (291, '2532113', '4106', 'HACH', NULL);
INSERT INTO lotes VALUES (292, '2532113', '4247', 'GENERICO', NULL);
INSERT INTO lotes VALUES (293, '2532113', '432', 'HACH', NULL);
INSERT INTO lotes VALUES (294, '2532113', '468', 'HACH', NULL);
INSERT INTO lotes VALUES (295, '2532113', '5097', 'HACH', NULL);
INSERT INTO lotes VALUES (296, '2532113', 'A24', 'GENERICO', NULL);
INSERT INTO lotes VALUES (297, '2535561', 'A2378', 'HACH', NULL);
INSERT INTO lotes VALUES (298, '2535561', 'LAMPADA_ESPECTROFOTOMETRO_HACH_DR50_', 'HACH', NULL);
INSERT INTO lotes VALUES (299, '2536010', 'SUPORTE', 'GENERICO', NULL);
INSERT INTO lotes VALUES (300, '2538177', '0705051025', 'DIGIMED', NULL);
INSERT INTO lotes VALUES (301, '2538177', '64', 'DIGIMED', NULL);
INSERT INTO lotes VALUES (302, '2538622', '2E4071', 'DIGIMED', NULL);
INSERT INTO lotes VALUES (303, '2538622', '2E4073', 'DIGIMED', NULL);
INSERT INTO lotes VALUES (304, '2538622', '5637', 'DIGIMED', NULL);
INSERT INTO lotes VALUES (305, '2540595', '21052546_B', 'GENERICO', NULL);
INSERT INTO lotes VALUES (306, '2540595', '214546D', 'GENERICO', NULL);
INSERT INTO lotes VALUES (307, '2540595', 'PISETA', 'GENERICO', NULL);
INSERT INTO lotes VALUES (308, '2542405', 'FRASCO', 'GENERICO', NULL);
INSERT INTO lotes VALUES (309, '2542826', '14846', 'DINAMICA', NULL);
INSERT INTO lotes VALUES (310, '2546181', '2061', 'HACH', NULL);
INSERT INTO lotes VALUES (311, '2546181', '259', 'HACH', NULL);
INSERT INTO lotes VALUES (312, '2546181', '4039', 'HACH', NULL);
INSERT INTO lotes VALUES (313, '2546222', 'C01310', 'GENERICO', NULL);
INSERT INTO lotes VALUES (314, '2546222', 'JOGO', 'GENERICO', NULL);
INSERT INTO lotes VALUES (315, '2546239', '071M014SV', 'SIGMA', NULL);
INSERT INTO lotes VALUES (316, '2546239', 'SLCN1324', 'SIGMA', NULL);
INSERT INTO lotes VALUES (317, '2546259', '21201946', 'GENERICO', NULL);
INSERT INTO lotes VALUES (318, '2546259', 'QH49246', 'GENERICO', NULL);
INSERT INTO lotes VALUES (319, '2546259', 'SAB67560', 'GENERICO', NULL);
INSERT INTO lotes VALUES (320, '2546259', 'SAB67561', 'GENERICO', NULL);
INSERT INTO lotes VALUES (321, '2546259', 'SAB67562', 'GENERICO', NULL);
INSERT INTO lotes VALUES (322, '2546259', 'SAB6759', 'GENERICO', NULL);
INSERT INTO lotes VALUES (323, '2546267', '4835', 'DIGIMED', NULL);
INSERT INTO lotes VALUES (324, '2546268', '516', 'VETEC', NULL);
INSERT INTO lotes VALUES (325, '2546962', 'K95791398', 'GENERICO', NULL);
INSERT INTO lotes VALUES (326, '2547148', '1080976', 'GENERICO', NULL);
INSERT INTO lotes VALUES (327, '2547148', '1718', 'DINAMICA', NULL);
INSERT INTO lotes VALUES (328, '2547148', '261814', 'SYNTH', NULL);
INSERT INTO lotes VALUES (329, '2547148', '354', 'GENERICO', NULL);
INSERT INTO lotes VALUES (330, '254830', 'PISETA', 'GENERICO', NULL);
INSERT INTO lotes VALUES (331, '2548430', 'FRASCO_DE_AMOSTRA_50', 'GENERICO', NULL);
INSERT INTO lotes VALUES (332, '2549175', '8519', 'GENERICO', NULL);
INSERT INTO lotes VALUES (333, '2549176', 'T2U79837', 'MERCK', NULL);
INSERT INTO lotes VALUES (334, '2549277', '2415', 'DIGIMED', NULL);
INSERT INTO lotes VALUES (335, '2549548', 'CAM0', 'GENERICO', NULL);
INSERT INTO lotes VALUES (336, '2549962', '13542', 'GENERICO', NULL);
INSERT INTO lotes VALUES (337, '2549962', '7374', 'GENERICO', NULL);
INSERT INTO lotes VALUES (338, '2551152', '125750', 'DINAMICA', NULL);
INSERT INTO lotes VALUES (339, '2551152', '1473', 'GENERICO', NULL);
INSERT INTO lotes VALUES (340, '2551152', '254973', 'SYNTH', NULL);
INSERT INTO lotes VALUES (341, '2551152', '267896', 'SYNTH', NULL);
INSERT INTO lotes VALUES (342, '2551152', '268365', 'SYNTH', NULL);
INSERT INTO lotes VALUES (343, '2551153', 'SLCH638', 'SIGMA', NULL);
INSERT INTO lotes VALUES (344, '2555296', 'TE012M', 'GENERICO', NULL);
INSERT INTO lotes VALUES (345, '255755', '385', 'GENERICO', NULL);
INSERT INTO lotes VALUES (346, '255755', '387', 'GENERICO', NULL);
INSERT INTO lotes VALUES (347, '255755', '413', 'GENERICO', NULL);
INSERT INTO lotes VALUES (348, '255755', '456', 'GENERICO', NULL);
INSERT INTO lotes VALUES (349, '255755', '54', 'GENERICO', NULL);
INSERT INTO lotes VALUES (350, '255755', '545', 'GENERICO', NULL);
INSERT INTO lotes VALUES (351, '255755', '547', 'GENERICO', NULL);
INSERT INTO lotes VALUES (352, '255755', '56', 'GENERICO', NULL);
INSERT INTO lotes VALUES (353, '255755', '562', 'GENERICO', NULL);
INSERT INTO lotes VALUES (354, '255755', '563', 'GENERICO', NULL);
INSERT INTO lotes VALUES (355, '255755', '567', 'GENERICO', NULL);
INSERT INTO lotes VALUES (356, '255755', '571', 'GENERICO', NULL);
INSERT INTO lotes VALUES (357, '255755', '575', 'GENERICO', NULL);
INSERT INTO lotes VALUES (358, '255755', '59', 'GENERICO', NULL);
INSERT INTO lotes VALUES (359, '255756', '40', 'GENERICO', NULL);
INSERT INTO lotes VALUES (360, '255756', '402', 'GENERICO', NULL);
INSERT INTO lotes VALUES (361, '255756', '428', 'GENERICO', NULL);
INSERT INTO lotes VALUES (362, '255756', '534', 'GENERICO', NULL);
INSERT INTO lotes VALUES (363, '255756', '54', 'GENERICO', NULL);
INSERT INTO lotes VALUES (364, '255756', '575', 'GENERICO', NULL);
INSERT INTO lotes VALUES (365, '255756', '58', 'GENERICO', NULL);
INSERT INTO lotes VALUES (366, '2559515', '1561', 'GENERICO', NULL);
INSERT INTO lotes VALUES (367, '2559515', '18', 'ZILQUIMICA', NULL);
INSERT INTO lotes VALUES (368, '2559515', '4048', 'ZILQUIMICA', NULL);
INSERT INTO lotes VALUES (369, '2560690', 'CUBETA', 'HACH', NULL);
INSERT INTO lotes VALUES (370, '2560704', 'BECKER', 'GENERICO', NULL);
INSERT INTO lotes VALUES (371, '2560713', 'KITASATO', 'GENERICO', NULL);
INSERT INTO lotes VALUES (372, '2564028', '24102', 'HACH', NULL);
INSERT INTO lotes VALUES (373, '2564872', 'KITASATO_10_ML_', 'GENERICO', NULL);
INSERT INTO lotes VALUES (374, '2565831', '4849', 'DIGIMED', NULL);
INSERT INTO lotes VALUES (375, '2565889', '4851', 'DIGIMED', NULL);
INSERT INTO lotes VALUES (376, '2567819', '21280', 'GENERICO', NULL);
INSERT INTO lotes VALUES (377, '2570809', 'HC29417', 'GENERICO', NULL);
INSERT INTO lotes VALUES (378, '257411', 'NA', 'GENERICO', NULL);
INSERT INTO lotes VALUES (379, '2575371', 'N2560', 'GENERICO', NULL);
INSERT INTO lotes VALUES (380, '2575393', '2516842', 'GENERICO', NULL);
INSERT INTO lotes VALUES (381, '2575466', 'N0370', 'GENERICO', NULL);
INSERT INTO lotes VALUES (382, '2580599', '4078', 'HACH', NULL);
INSERT INTO lotes VALUES (383, '2580599', '4309', 'HACH', NULL);
INSERT INTO lotes VALUES (384, '2580599', '5121', 'HACH', NULL);
INSERT INTO lotes VALUES (385, '2580993', '4072', 'HACH', NULL);
INSERT INTO lotes VALUES (386, '2580993', '5092', 'HACH', NULL);
INSERT INTO lotes VALUES (387, '2580993', 'A326', 'HACH', NULL);
INSERT INTO lotes VALUES (388, '2580993', 'A4304', 'HACH', NULL);
INSERT INTO lotes VALUES (389, '2580997', '350', 'HACH', NULL);
INSERT INTO lotes VALUES (390, '2580997', '4052', 'HACH', NULL);
INSERT INTO lotes VALUES (391, '2580997', '4295', 'HACH', NULL);
INSERT INTO lotes VALUES (392, '2580997', '5125', 'HACH', NULL);
INSERT INTO lotes VALUES (393, '2582270', 'VALVULA', 'GENERICO', NULL);
INSERT INTO lotes VALUES (394, '2584390', '25A501', 'DIGIMED', NULL);
INSERT INTO lotes VALUES (395, '2584424', '190', 'GENERICO', NULL);
INSERT INTO lotes VALUES (396, '2584424', '2570', 'GENERICO', NULL);
INSERT INTO lotes VALUES (397, '2584424', 'N1850', 'GENERICO', NULL);
INSERT INTO lotes VALUES (398, '2586010', 'M19A', 'GENERICO', NULL);
INSERT INTO lotes VALUES (399, '2591272', '230250', 'GENERICO', NULL);
INSERT INTO lotes VALUES (400, '260368', '106041', 'ZILQUIMICA', NULL);
INSERT INTO lotes VALUES (401, '260570', '659', 'DIGIMED', NULL);
INSERT INTO lotes VALUES (402, '264902', '12163', 'GENERICO', NULL);
INSERT INTO lotes VALUES (403, '264902', '13270', 'GENERICO', NULL);
INSERT INTO lotes VALUES (404, '264902', '135158', 'DINAMICA', NULL);
INSERT INTO lotes VALUES (405, '264902', '136940', 'DINAMICA', NULL);
INSERT INTO lotes VALUES (406, '264902', '13702', 'GENERICO', NULL);
INSERT INTO lotes VALUES (407, '264902', '138732', 'DINAMICA', NULL);
INSERT INTO lotes VALUES (408, '264902', '14920', 'GENERICO', NULL);
INSERT INTO lotes VALUES (409, '264902', '15065', 'GENERICO', NULL);
INSERT INTO lotes VALUES (410, '264902', '16563', 'GENERICO', NULL);
INSERT INTO lotes VALUES (411, '264902', '7870', 'GENERICO', NULL);
INSERT INTO lotes VALUES (412, '266441', '4142', 'HACH', NULL);
INSERT INTO lotes VALUES (413, '266441', '5063', 'HACH', NULL);
INSERT INTO lotes VALUES (414, '268437', 'FRASCO', 'GENERICO', NULL);
INSERT INTO lotes VALUES (415, '268620', '3587', 'GENERICO', NULL);
INSERT INTO lotes VALUES (416, '268628', '12513', 'GENERICO', NULL);
INSERT INTO lotes VALUES (417, '268628', '16264', 'ZILQUIMICA', NULL);
INSERT INTO lotes VALUES (418, '268628', 'K4218704', 'MERCK', NULL);
INSERT INTO lotes VALUES (419, '268763', '243', 'GENERICO', NULL);
INSERT INTO lotes VALUES (420, '268763', '326', 'HACH', NULL);
INSERT INTO lotes VALUES (421, '268763', '3291', 'HACH', NULL);
INSERT INTO lotes VALUES (422, '268763', '5069', 'HACH', NULL);
INSERT INTO lotes VALUES (423, '268763', '6321', 'HACH', NULL);
INSERT INTO lotes VALUES (424, '268763', '8059', 'HACH', NULL);
INSERT INTO lotes VALUES (425, '268763', '8242', 'HACH', NULL);
INSERT INTO lotes VALUES (426, '268763', 'A206', 'HACH', NULL);
INSERT INTO lotes VALUES (427, '268766', '2028', 'HACH', NULL);
INSERT INTO lotes VALUES (428, '268766', '250', 'HACH', NULL);
INSERT INTO lotes VALUES (429, '268766', '279', 'HACH', NULL);
INSERT INTO lotes VALUES (430, '268766', '3065', 'HACH', NULL);
INSERT INTO lotes VALUES (431, '268766', '3145', 'HACH', NULL);
INSERT INTO lotes VALUES (432, '268766', '315', 'HACH', NULL);
INSERT INTO lotes VALUES (433, '268766', '325', 'GENERICO', NULL);
INSERT INTO lotes VALUES (434, '268766', '3268', 'GENERICO', NULL);
INSERT INTO lotes VALUES (435, '268766', '4065', 'HACH', NULL);
INSERT INTO lotes VALUES (436, '268766', '4080', 'HACH', NULL);
INSERT INTO lotes VALUES (437, '268766', '4167', 'HACH', NULL);
INSERT INTO lotes VALUES (438, '268766', '4276', 'GENERICO', NULL);
INSERT INTO lotes VALUES (439, '268766', '4293', 'GENERICO', NULL);
INSERT INTO lotes VALUES (440, '268766', '5069', 'HACH', NULL);
INSERT INTO lotes VALUES (441, '268766', '5134', 'HACH', NULL);
INSERT INTO lotes VALUES (442, '268766', '6341', 'HACH', NULL);
INSERT INTO lotes VALUES (443, '268766', '7129', 'HACH', NULL);
INSERT INTO lotes VALUES (444, '268766', '8291', 'HACH', NULL);
INSERT INTO lotes VALUES (445, '268766', 'A250', 'HACH', NULL);
INSERT INTO lotes VALUES (446, '268766', 'A7238', 'HACH', NULL);
INSERT INTO lotes VALUES (447, '268766', 'A7280', 'HACH', NULL);
INSERT INTO lotes VALUES (448, '268849', 'ERLEMEYER', 'GENERICO', NULL);
INSERT INTO lotes VALUES (449, '268849', 'VD1540417', 'GENERICO', NULL);
INSERT INTO lotes VALUES (450, '269083', '412', 'GENERICO', NULL);
INSERT INTO lotes VALUES (451, '269083', '41750', 'GENERICO', NULL);
INSERT INTO lotes VALUES (452, '269083', '7924', 'GENERICO', NULL);
INSERT INTO lotes VALUES (453, '269083', '8320', 'GENERICO', NULL);
INSERT INTO lotes VALUES (454, '269221', 'SACAROSE_PA_26082', 'GENERICO', NULL);
INSERT INTO lotes VALUES (455, '271177', 'FUNIL', 'GENERICO', NULL);
INSERT INTO lotes VALUES (456, '273110', 'FACA_TECNAL_SG050DI_', 'GENERICO', NULL);
INSERT INTO lotes VALUES (457, '273462', '12396', 'DINAMICA', NULL);
INSERT INTO lotes VALUES (458, '273462', '12415', 'GENERICO', NULL);
INSERT INTO lotes VALUES (459, '273462', '13031', 'GENERICO', NULL);
INSERT INTO lotes VALUES (460, '273462', '13085720', 'GENERICO', NULL);
INSERT INTO lotes VALUES (461, '273462', '1308589', 'GENERICO', NULL);
INSERT INTO lotes VALUES (462, '273462', '1308986', 'GENERICO', NULL);
INSERT INTO lotes VALUES (463, '273462', '13094601', 'GENERICO', NULL);
INSERT INTO lotes VALUES (464, '273462', '13717', 'GENERICO', NULL);
INSERT INTO lotes VALUES (465, '273462', '1519', 'GENERICO', NULL);
INSERT INTO lotes VALUES (466, '273462', '15290', 'GENERICO', NULL);
INSERT INTO lotes VALUES (467, '273462', '15651', 'GENERICO', NULL);
INSERT INTO lotes VALUES (468, '273462', '15929', 'GENERICO', NULL);
INSERT INTO lotes VALUES (469, '273462', '16238', 'GENERICO', NULL);
INSERT INTO lotes VALUES (470, '273462', '16583', 'GENERICO', NULL);
INSERT INTO lotes VALUES (471, '273462', '16750', 'GENERICO', NULL);
INSERT INTO lotes VALUES (472, '273462', '7924', 'GENERICO', NULL);
INSERT INTO lotes VALUES (473, '273489', 'FUNIL', 'GENERICO', NULL);
INSERT INTO lotes VALUES (474, '273733', 'K07C92', 'GENERICO', NULL);
INSERT INTO lotes VALUES (475, '273737', '12986', 'DINAMICA', NULL);
INSERT INTO lotes VALUES (476, '273737', 'K06C79', 'GENERICO', NULL);
INSERT INTO lotes VALUES (477, '273747', 'K07C7', 'GENERICO', NULL);
INSERT INTO lotes VALUES (478, '273824', '1027', 'DINAMICA', NULL);
INSERT INTO lotes VALUES (479, '273824', '107060', 'DINAMICA', NULL);
INSERT INTO lotes VALUES (480, '273824', '14750', 'GENERICO', NULL);
INSERT INTO lotes VALUES (481, '273824', '15648', 'GENERICO', NULL);
INSERT INTO lotes VALUES (482, '273824', '5956', 'NEON', NULL);
INSERT INTO lotes VALUES (483, '273824', 'AM2042590', 'GENERICO', NULL);
INSERT INTO lotes VALUES (484, '273824', 'AM2042590429', 'MERCK', NULL);
INSERT INTO lotes VALUES (485, '274181', 'B3051', 'GENERICO', NULL);
INSERT INTO lotes VALUES (486, '275207', 'MBSR_13821', 'GENERICO', NULL);
INSERT INTO lotes VALUES (487, '275207', 'SLXSA03M', 'GENERICO', NULL);
INSERT INTO lotes VALUES (488, '275207', 'Z2615921J', 'GENERICO', NULL);
INSERT INTO lotes VALUES (489, '275207', 'Z264021A', 'GENERICO', NULL);
INSERT INTO lotes VALUES (490, '277444', '10', 'GENERICO', NULL);
INSERT INTO lotes VALUES (491, '277444', '101', 'GENERICO', NULL);
INSERT INTO lotes VALUES (492, '277444', '37010', 'GENERICO', NULL);
INSERT INTO lotes VALUES (493, '277444', 'A303', 'HACH', NULL);
INSERT INTO lotes VALUES (494, '282574', 'BALÃO', 'GENERICO', NULL);
INSERT INTO lotes VALUES (495, '284670', '10279', 'DINAMICA', NULL);
INSERT INTO lotes VALUES (496, '284670', '12914', 'DINAMICA', NULL);
INSERT INTO lotes VALUES (497, '284670', '1391', 'GENERICO', NULL);
INSERT INTO lotes VALUES (498, '284670', '586', 'GENERICO', NULL);
INSERT INTO lotes VALUES (499, '284670', '719', 'GENERICO', NULL);
INSERT INTO lotes VALUES (500, '288007', 'BALÃO', 'GENERICO', NULL);
INSERT INTO lotes VALUES (501, '289888', '2307294093', 'GENERICO', NULL);
INSERT INTO lotes VALUES (502, '289925', 'BCH236', 'GENERICO', NULL);
INSERT INTO lotes VALUES (503, '290308', '23515', 'DIGIMED', NULL);
INSERT INTO lotes VALUES (504, '290308', '6206', 'DIGIMED', NULL);
INSERT INTO lotes VALUES (505, '290308', '643', 'DIGIMED', NULL);
INSERT INTO lotes VALUES (506, '290308', 'HC325135', 'GENERICO', NULL);
INSERT INTO lotes VALUES (507, '291555', 'BECKER', 'GENERICO', NULL);
INSERT INTO lotes VALUES (508, '292642', 'B3028', 'GENERICO', NULL);
INSERT INTO lotes VALUES (509, '295219', '15761', 'GENERICO', NULL);
INSERT INTO lotes VALUES (510, '295219', '16290', 'GENERICO', NULL);
INSERT INTO lotes VALUES (511, '295219', '16391', 'GENERICO', NULL);
INSERT INTO lotes VALUES (512, '295219', '1956', 'DINAMICA', NULL);
INSERT INTO lotes VALUES (513, '295219', '269258', 'SYNTH', NULL);
INSERT INTO lotes VALUES (514, '295219', '270206', 'SYNTH', NULL);
INSERT INTO lotes VALUES (515, '295219', 'O', 'GENERICO', NULL);
INSERT INTO lotes VALUES (516, '295638', '142984', 'ZILQUIMICA', NULL);
INSERT INTO lotes VALUES (517, '295643', '147410', 'SYNTH', NULL);
INSERT INTO lotes VALUES (518, '295660', '18765', 'ZILQUIMICA', NULL);
INSERT INTO lotes VALUES (519, '298198', 'BARAMAGNETICA', 'GENERICO', NULL);
INSERT INTO lotes VALUES (520, '304902', '13190', 'GENERICO', NULL);
INSERT INTO lotes VALUES (521, '304902', '16891', 'GENERICO', NULL);
INSERT INTO lotes VALUES (522, '304902', '206', 'GENERICO', NULL);
INSERT INTO lotes VALUES (523, '304902', '3895', 'GENERICO', NULL);
INSERT INTO lotes VALUES (524, '304902', '4075', 'GENERICO', NULL);
INSERT INTO lotes VALUES (525, '305599', '2023062832', 'GENERICO', NULL);
INSERT INTO lotes VALUES (526, '305599', 'CUBETA', 'HACH', NULL);
INSERT INTO lotes VALUES (527, '310138', '124172', 'DINAMICA', NULL);
INSERT INTO lotes VALUES (528, '310138', '5641', 'NEON', NULL);
INSERT INTO lotes VALUES (529, '316259', '423', 'DIGIMED', NULL);
INSERT INTO lotes VALUES (530, '316259', '480512', 'DIGIMED', NULL);
INSERT INTO lotes VALUES (531, '317270', '120702', 'DINAMICA', NULL);
INSERT INTO lotes VALUES (532, '317270', '12640', 'DINAMICA', NULL);
INSERT INTO lotes VALUES (533, '317270', '232', 'SYNTH', NULL);
INSERT INTO lotes VALUES (534, '317270', '240160246', 'GENERICO', NULL);
INSERT INTO lotes VALUES (535, '317270', 'K42304207', 'MERCK', NULL);
INSERT INTO lotes VALUES (536, '317270', 'K42609607', 'MERCK', NULL);
INSERT INTO lotes VALUES (537, '40700071', 'CONTROLADOR', 'GENERICO', NULL);
INSERT INTO lotes VALUES (538, '423739', '0701041025', 'DIGIMED', NULL);
INSERT INTO lotes VALUES (539, '423739', '671', 'DIGIMED', NULL);
INSERT INTO lotes VALUES (540, '423747', '68', 'DIGIMED', NULL);
INSERT INTO lotes VALUES (541, '425167', '1245', 'GENERICO', NULL);
INSERT INTO lotes VALUES (542, '425167', '58213', 'GENERICO', NULL);
INSERT INTO lotes VALUES (543, '432899', 'CONEXÃO', 'GENERICO', NULL);
INSERT INTO lotes VALUES (544, '462810', 'BALÃO', 'GENERICO', NULL);
INSERT INTO lotes VALUES (545, '464618', '12176', 'DINAMICA', NULL);
INSERT INTO lotes VALUES (546, '464675', 'K4805329', 'MERCK', NULL);
INSERT INTO lotes VALUES (547, '464675', 'K54314392', 'SIGMA', NULL);
INSERT INTO lotes VALUES (548, '476721', '7958', 'GENERICO', NULL);
INSERT INTO lotes VALUES (549, '476721', 'J31340', 'GENERICO', NULL);
INSERT INTO lotes VALUES (550, '483782', 'CUBETA', 'GENERICO', NULL);
INSERT INTO lotes VALUES (551, '485300', '4309', 'HACH', NULL);
INSERT INTO lotes VALUES (552, '485300', '5057', 'HACH', NULL);
INSERT INTO lotes VALUES (553, '485300', '8271', 'HACH', NULL);
INSERT INTO lotes VALUES (554, '50306001', 'CONEXÃO', 'GENERICO', NULL);
INSERT INTO lotes VALUES (555, '50317001', 'KIT', 'GENERICO', NULL);
INSERT INTO lotes VALUES (556, '50502003', 'BOBINA', 'GENERICO', NULL);
INSERT INTO lotes VALUES (557, '50505001', 'FILTRO', 'GENERICO', NULL);
INSERT INTO lotes VALUES (558, '50507002', 'CONEXÃO', 'GENERICO', NULL);
INSERT INTO lotes VALUES (559, '50508001', 'COTOVELO', 'GENERICO', NULL);
INSERT INTO lotes VALUES (560, '50509001', 'BANJO', 'GENERICO', NULL);
INSERT INTO lotes VALUES (561, '50514006', 'KIT', 'GENERICO', NULL);
INSERT INTO lotes VALUES (562, '50514007', 'KIT', 'GENERICO', NULL);
INSERT INTO lotes VALUES (563, '50514039', 'KIT', 'GENERICO', NULL);
INSERT INTO lotes VALUES (564, '5058001', '43289', 'GENERICO', NULL);
INSERT INTO lotes VALUES (565, '50801006', 'CABO', 'GENERICO', NULL);
INSERT INTO lotes VALUES (566, '50802003', 'CABO', 'GENERICO', NULL);
INSERT INTO lotes VALUES (567, '51001001', 'CONTROLADOR', 'GENERICO', NULL);
INSERT INTO lotes VALUES (568, '51101009', 'COREIA', 'GENERICO', NULL);
INSERT INTO lotes VALUES (569, '540012', 'JOGO', 'GENERICO', NULL);
INSERT INTO lotes VALUES (570, '56700051223', 'SOLUÇÃO_DE_CONDUTIVIDADE_5_ΜSCM', 'DIGIMED', NULL);
INSERT INTO lotes VALUES (571, '60073915', '2530134', 'GENERICO', NULL);
INSERT INTO lotes VALUES (572, '67430050', 'NIR', 'GENERICO', NULL);
INSERT INTO movimentacoes (id_lote, tipo_mov, data_mov, quantidade) VALUES (205, 'ENTRADA', '2025-12-23', 29967.0);
INSERT INTO movimentacoes (id_lote, tipo_mov, data_mov, quantidade) VALUES (477, 'ENTRADA', '2025-12-23', 7.0);
INSERT INTO movimentacoes (id_lote, tipo_mov, data_mov, quantidade) VALUES (476, 'ENTRADA', '2025-12-23', 10.0);
INSERT INTO movimentacoes (id_lote, tipo_mov, data_mov, quantidade) VALUES (517, 'ENTRADA', '2025-12-23', 31.0);
INSERT INTO movimentacoes (id_lote, tipo_mov, data_mov, quantidade) VALUES (285, 'SAIDA', '2025-12-23', 6026.0);
INSERT INTO movimentacoes (id_lote, tipo_mov, data_mov, quantidade) VALUES (46, 'SAIDA', '2025-12-23', 6020.0);
INSERT INTO movimentacoes (id_lote, tipo_mov, data_mov, quantidade) VALUES (158, 'ENTRADA', '2025-12-23', 28.0);
INSERT INTO movimentacoes (id_lote, tipo_mov, data_mov, quantidade) VALUES (199, 'ENTRADA', '2025-12-23', 2170117.0);
INSERT INTO movimentacoes (id_lote, tipo_mov, data_mov, quantidade) VALUES (199, 'ENTRADA', '2025-12-23', 2170117.0);
INSERT INTO movimentacoes (id_lote, tipo_mov, data_mov, quantidade) VALUES (199, 'ENTRADA', '2025-12-23', 2170117.0);
INSERT INTO movimentacoes (id_lote, tipo_mov, data_mov, quantidade) VALUES (476, 'SAIDA', '2025-12-23', 29.0);
INSERT INTO movimentacoes (id_lote, tipo_mov, data_mov, quantidade) VALUES (199, 'SAIDA', '2025-12-23', 2170117.0);
INSERT INTO movimentacoes (id_lote, tipo_mov, data_mov, quantidade) VALUES (199, 'SAIDA', '2025-12-23', 2170117.0);
INSERT INTO movimentacoes (id_lote, tipo_mov, data_mov, quantidade) VALUES (199, 'SAIDA', '2025-12-23', 2170117.0);
INSERT INTO movimentacoes (id_lote, tipo_mov, data_mov, quantidade) VALUES (199, 'SAIDA', '2025-12-23', 2170117.0);
INSERT INTO movimentacoes (id_lote, tipo_mov, data_mov, quantidade) VALUES (199, 'ENTRADA', '2025-12-23', 2170117.0);
INSERT INTO movimentacoes (id_lote, tipo_mov, data_mov, quantidade) VALUES (46, 'SAIDA', '2025-12-23', 6020.0);
INSERT INTO movimentacoes (id_lote, tipo_mov, data_mov, quantidade) VALUES (199, 'SAIDA', '2025-12-23', 2170117.0);
INSERT INTO movimentacoes (id_lote, tipo_mov, data_mov, quantidade) VALUES (199, 'SAIDA', '2025-12-23', 2170117.0);
INSERT INTO movimentacoes (id_lote, tipo_mov, data_mov, quantidade) VALUES (569, 'ENTRADA', '2025-12-23', 15.0);
INSERT INTO movimentacoes (id_lote, tipo_mov, data_mov, quantidade) VALUES (555, 'ENTRADA', '2025-12-23', 304.0);
INSERT INTO movimentacoes (id_lote, tipo_mov, data_mov, quantidade) VALUES (205, 'SAIDA', '2025-12-23', 29967.0);
INSERT INTO movimentacoes (id_lote, tipo_mov, data_mov, quantidade) VALUES (561, 'ENTRADA', '2025-12-23', 40.0);
INSERT INTO movimentacoes (id_lote, tipo_mov, data_mov, quantidade) VALUES (562, 'ENTRADA', '2025-12-23', 63.0);
INSERT INTO movimentacoes (id_lote, tipo_mov, data_mov, quantidade) VALUES (46, 'SAIDA', '2025-12-23', 6020.0);
INSERT INTO movimentacoes (id_lote, tipo_mov, data_mov, quantidade) VALUES (285, 'SAIDA', '2025-12-23', 6026.0);
INSERT INTO movimentacoes (id_lote, tipo_mov, data_mov, quantidade) VALUES (199, 'SAIDA', '2025-12-23', 2170117.0);
INSERT INTO movimentacoes (id_lote, tipo_mov, data_mov, quantidade) VALUES (285, 'SAIDA', '2025-12-23', 6026.0);
INSERT INTO movimentacoes (id_lote, tipo_mov, data_mov, quantidade) VALUES (46, 'SAIDA', '2025-12-23', 6020.0);
INSERT INTO movimentacoes (id_lote, tipo_mov, data_mov, quantidade) VALUES (566, 'ENTRADA', '2025-12-23', 8.0);
INSERT INTO movimentacoes (id_lote, tipo_mov, data_mov, quantidade) VALUES (199, 'ENTRADA', '2025-12-23', 2170117.0);
INSERT INTO movimentacoes (id_lote, tipo_mov, data_mov, quantidade) VALUES (562, 'SAIDA', '2025-12-23', 63.0);
INSERT INTO movimentacoes (id_lote, tipo_mov, data_mov, quantidade) VALUES (199, 'SAIDA', '2025-12-23', 2170117.0);
INSERT INTO movimentacoes (id_lote, tipo_mov, data_mov, quantidade) VALUES (199, 'SAIDA', '2025-12-23', 2170117.0);
INSERT INTO movimentacoes (id_lote, tipo_mov, data_mov, quantidade) VALUES (199, 'SAIDA', '2025-12-23', 2170117.0);
INSERT INTO movimentacoes (id_lote, tipo_mov, data_mov, quantidade) VALUES (285, 'SAIDA', '2025-12-23', 6026.0);
INSERT INTO movimentacoes (id_lote, tipo_mov, data_mov, quantidade) VALUES (479, 'ENTRADA', '2025-12-23', 7.0);
INSERT INTO movimentacoes (id_lote, tipo_mov, data_mov, quantidade) VALUES (158, 'SAIDA', '2025-12-23', 19.0);
INSERT INTO movimentacoes (id_lote, tipo_mov, data_mov, quantidade) VALUES (67, 'SAIDA', '2025-12-23', 30.0);
INSERT INTO movimentacoes (id_lote, tipo_mov, data_mov, quantidade) VALUES (67, 'SAIDA', '2025-12-23', 30.0);
INSERT INTO movimentacoes (id_lote, tipo_mov, data_mov, quantidade) VALUES (281, 'SAIDA', '2025-12-23', 1000.0);
INSERT INTO movimentacoes (id_lote, tipo_mov, data_mov, quantidade) VALUES (208, 'SAIDA', '2025-12-23', 600.0);
INSERT INTO movimentacoes (id_lote, tipo_mov, data_mov, quantidade) VALUES (67, 'SAIDA', '2025-12-23', 30.0);
INSERT INTO movimentacoes (id_lote, tipo_mov, data_mov, quantidade) VALUES (67, 'SAIDA', '2025-12-23', 11.0);
INSERT INTO movimentacoes (id_lote, tipo_mov, data_mov, quantidade) VALUES (199, 'SAIDA', '2025-12-23', 353060.0);
INSERT INTO movimentacoes (id_lote, tipo_mov, data_mov, quantidade) VALUES (507, 'SAIDA', '2025-12-23', 150.0);
INSERT INTO movimentacoes (id_lote, tipo_mov, data_mov, quantidade) VALUES (260, 'SAIDA', '2025-12-23', 250.0);
INSERT INTO movimentacoes (id_lote, tipo_mov, data_mov, quantidade) VALUES (112, 'SAIDA', '2025-12-23', 600.0);
INSERT INTO movimentacoes (id_lote, tipo_mov, data_mov, quantidade) VALUES (199, 'ENTRADA', '2025-12-23', 250.0);
INSERT INTO movimentacoes (id_lote, tipo_mov, data_mov, quantidade) VALUES (199, 'SAIDA', '2025-12-23', 250.0);
INSERT INTO movimentacoes (id_lote, tipo_mov, data_mov, quantidade) VALUES (196, 'SAIDA', '2025-12-23', 50.0);
INSERT INTO movimentacoes (id_lote, tipo_mov, data_mov, quantidade) VALUES (196, 'SAIDA', '2025-12-23', 50.0);
INSERT INTO movimentacoes (id_lote, tipo_mov, data_mov, quantidade) VALUES (479, 'SAIDA', '2025-12-23', 5.0);
INSERT INTO movimentacoes (id_lote, tipo_mov, data_mov, quantidade) VALUES (197, 'SAIDA', '2025-12-23', 250.0);
INSERT INTO movimentacoes (id_lote, tipo_mov, data_mov, quantidade) VALUES (46, 'ENTRADA', '2025-12-23', 203.0);
INSERT INTO movimentacoes (id_lote, tipo_mov, data_mov, quantidade) VALUES (478, 'ENTRADA', '2025-12-23', 102277.0);
INSERT INTO movimentacoes (id_lote, tipo_mov, data_mov, quantidade) VALUES (196, 'ENTRADA', '2025-12-23', 50.0);
INSERT INTO movimentacoes (id_lote, tipo_mov, data_mov, quantidade) VALUES (197, 'ENTRADA', '2025-12-23', 250.0);
INSERT INTO movimentacoes (id_lote, tipo_mov, data_mov, quantidade) VALUES (208, 'ENTRADA', '2025-12-23', 600.0);
INSERT INTO movimentacoes (id_lote, tipo_mov, data_mov, quantidade) VALUES (199, 'ENTRADA', '2025-12-23', 31.0);
INSERT INTO movimentacoes (id_lote, tipo_mov, data_mov, quantidade) VALUES (479, 'SAIDA', '2025-12-23', 7.0);
INSERT INTO movimentacoes (id_lote, tipo_mov, data_mov, quantidade) VALUES (479, 'SAIDA', '2025-12-23', 7.0);
INSERT INTO movimentacoes (id_lote, tipo_mov, data_mov, quantidade) VALUES (199, 'SAIDA', '2025-12-23', 26.0);
INSERT INTO movimentacoes (id_lote, tipo_mov, data_mov, quantidade) VALUES (207, 'SAIDA', '2025-12-23', 27.0);
INSERT INTO movimentacoes (id_lote, tipo_mov, data_mov, quantidade) VALUES (199, 'SAIDA', '2025-12-23', 29.0);
INSERT INTO movimentacoes (id_lote, tipo_mov, data_mov, quantidade) VALUES (479, 'SAIDA', '2025-12-23', 7.0);
INSERT INTO movimentacoes (id_lote, tipo_mov, data_mov, quantidade) VALUES (427, 'ENTRADA', '2025-12-23', 1.0);
INSERT INTO movimentacoes (id_lote, tipo_mov, data_mov, quantidade) VALUES (479, 'SAIDA', '2025-12-23', 7.0);
INSERT INTO movimentacoes (id_lote, tipo_mov, data_mov, quantidade) VALUES (479, 'SAIDA', '2025-12-23', 7.0);
INSERT INTO movimentacoes (id_lote, tipo_mov, data_mov, quantidade) VALUES (479, 'SAIDA', '2025-12-23', 7.0);
INSERT INTO movimentacoes (id_lote, tipo_mov, data_mov, quantidade) VALUES (46, 'SAIDA', '2025-12-23', 203.0);
INSERT INTO movimentacoes (id_lote, tipo_mov, data_mov, quantidade) VALUES (479, 'SAIDA', '2025-12-23', 7.0);
INSERT INTO movimentacoes (id_lote, tipo_mov, data_mov, quantidade) VALUES (479, 'SAIDA', '2025-12-23', 7.0);
INSERT INTO movimentacoes (id_lote, tipo_mov, data_mov, quantidade) VALUES (478, 'SAIDA', '2025-12-23', 102277.0);
INSERT INTO movimentacoes (id_lote, tipo_mov, data_mov, quantidade) VALUES (478, 'SAIDA', '2025-12-23', 102277.0);
INSERT INTO movimentacoes (id_lote, tipo_mov, data_mov, quantidade) VALUES (120, 'SAIDA', '2025-12-23', 1168.0);
INSERT INTO movimentacoes (id_lote, tipo_mov, data_mov, quantidade) VALUES (478, 'SAIDA', '2025-12-23', 102277.0);
INSERT INTO movimentacoes (id_lote, tipo_mov, data_mov, quantidade) VALUES (478, 'SAIDA', '2025-12-23', 102277.0);
INSERT INTO movimentacoes (id_lote, tipo_mov, data_mov, quantidade) VALUES (478, 'SAIDA', '2025-12-23', 102277.0);
INSERT INTO movimentacoes (id_lote, tipo_mov, data_mov, quantidade) VALUES (120, 'SAIDA', '2025-12-23', 1168.0);
INSERT INTO movimentacoes (id_lote, tipo_mov, data_mov, quantidade) VALUES (197, 'SAIDA', '2025-12-23', 250.0);
INSERT INTO movimentacoes (id_lote, tipo_mov, data_mov, quantidade) VALUES (208, 'SAIDA', '2025-12-23', 600.0);
INSERT INTO movimentacoes (id_lote, tipo_mov, data_mov, quantidade) VALUES (478, 'SAIDA', '2025-12-23', 102277.0);
INSERT INTO movimentacoes (id_lote, tipo_mov, data_mov, quantidade) VALUES (120, 'SAIDA', '2025-12-23', 1168.0);
INSERT INTO movimentacoes (id_lote, tipo_mov, data_mov, quantidade) VALUES (117, 'ENTRADA', '2025-12-23', 1.0);
INSERT INTO movimentacoes (id_lote, tipo_mov, data_mov, quantidade) VALUES (42, 'ENTRADA', '2025-12-23', 21.0);
INSERT INTO movimentacoes (id_lote, tipo_mov, data_mov, quantidade) VALUES (145, 'ENTRADA', '2025-12-23', 31.0);
INSERT INTO movimentacoes (id_lote, tipo_mov, data_mov, quantidade) VALUES (528, 'ENTRADA', '2025-12-23', 5.0);
INSERT INTO movimentacoes (id_lote, tipo_mov, data_mov, quantidade) VALUES (482, 'ENTRADA', '2025-12-23', 59556.0);
INSERT INTO movimentacoes (id_lote, tipo_mov, data_mov, quantidade) VALUES (114, 'ENTRADA', '2025-12-23', 2000.0);
INSERT INTO movimentacoes (id_lote, tipo_mov, data_mov, quantidade) VALUES (414, 'ENTRADA', '2025-12-23', 250.0);
INSERT INTO movimentacoes (id_lote, tipo_mov, data_mov, quantidade) VALUES (158, 'ENTRADA', '2025-12-23', 8.0);
INSERT INTO movimentacoes (id_lote, tipo_mov, data_mov, quantidade) VALUES (83, 'ENTRADA', '2025-12-23', 22.0);
INSERT INTO movimentacoes (id_lote, tipo_mov, data_mov, quantidade) VALUES (53, 'ENTRADA', '2025-12-23', 14.12);
INSERT INTO movimentacoes (id_lote, tipo_mov, data_mov, quantidade) VALUES (533, 'SAIDA', '2025-12-23', 222332.0);
INSERT INTO movimentacoes (id_lote, tipo_mov, data_mov, quantidade) VALUES (134, 'ENTRADA', '2025-12-23', 30.0);
INSERT INTO movimentacoes (id_lote, tipo_mov, data_mov, quantidade) VALUES (135, 'ENTRADA', '2025-12-23', 30.0);
INSERT INTO movimentacoes (id_lote, tipo_mov, data_mov, quantidade) VALUES (182, 'ENTRADA', '2025-12-23', 29.0);
INSERT INTO movimentacoes (id_lote, tipo_mov, data_mov, quantidade) VALUES (110, 'ENTRADA', '2025-12-23', 6.0);
INSERT INTO movimentacoes (id_lote, tipo_mov, data_mov, quantidade) VALUES (498, 'SAIDA', '2025-12-23', 6.0);
INSERT INTO movimentacoes (id_lote, tipo_mov, data_mov, quantidade) VALUES (269, 'ENTRADA', '2025-12-23', 24118.0);
INSERT INTO movimentacoes (id_lote, tipo_mov, data_mov, quantidade) VALUES (214, 'ENTRADA', '2025-12-23', 29.0);
INSERT INTO movimentacoes (id_lote, tipo_mov, data_mov, quantidade) VALUES (498, 'ENTRADA', '2025-12-23', 6.0);
INSERT INTO movimentacoes (id_lote, tipo_mov, data_mov, quantidade) VALUES (359, 'ENTRADA', '2025-12-23', 528.0);
INSERT INTO movimentacoes (id_lote, tipo_mov, data_mov, quantidade) VALUES (357, 'ENTRADA', '2025-12-23', 528.0);
INSERT INTO movimentacoes (id_lote, tipo_mov, data_mov, quantidade) VALUES (226, 'ENTRADA', '2025-12-23', 3.0);
INSERT INTO movimentacoes (id_lote, tipo_mov, data_mov, quantidade) VALUES (238, 'ENTRADA', '2025-12-23', 30.0);
INSERT INTO movimentacoes (id_lote, tipo_mov, data_mov, quantidade) VALUES (170, 'ENTRADA', '2025-12-23', 231124.0);
INSERT INTO movimentacoes (id_lote, tipo_mov, data_mov, quantidade) VALUES (246, 'ENTRADA', '2025-12-23', 3.0);
INSERT INTO movimentacoes (id_lote, tipo_mov, data_mov, quantidade) VALUES (246, 'SAIDA', '2025-12-23', 3.0);
INSERT INTO movimentacoes (id_lote, tipo_mov, data_mov, quantidade) VALUES (533, 'ENTRADA', '2025-12-23', 222332.0);
INSERT INTO movimentacoes (id_lote, tipo_mov, data_mov, quantidade) VALUES (533, 'SAIDA', '2025-12-23', 222332.0);
INSERT INTO movimentacoes (id_lote, tipo_mov, data_mov, quantidade) VALUES (213, 'ENTRADA', '2025-12-23', 29.0);
INSERT INTO movimentacoes (id_lote, tipo_mov, data_mov, quantidade) VALUES (97, 'ENTRADA', '2025-12-23', 2.0);
INSERT INTO movimentacoes (id_lote, tipo_mov, data_mov, quantidade) VALUES (366, 'ENTRADA', '2025-12-23', 2.0);
INSERT INTO movimentacoes (id_lote, tipo_mov, data_mov, quantidade) VALUES (463, 'ENTRADA', '2025-12-23', 29.0);
INSERT INTO movimentacoes (id_lote, tipo_mov, data_mov, quantidade) VALUES (553, 'ENTRADA', '2025-12-23', 30.0);
INSERT INTO movimentacoes (id_lote, tipo_mov, data_mov, quantidade) VALUES (277, 'ENTRADA', '2025-12-23', 30.0);
INSERT INTO movimentacoes (id_lote, tipo_mov, data_mov, quantidade) VALUES (499, 'ENTRADA', '2025-12-23', 9.0);
INSERT INTO movimentacoes (id_lote, tipo_mov, data_mov, quantidade) VALUES (9, 'ENTRADA', '2025-12-23', 6.86);
INSERT INTO movimentacoes (id_lote, tipo_mov, data_mov, quantidade) VALUES (9, 'SAIDA', '2025-12-23', 6.86);
INSERT INTO movimentacoes (id_lote, tipo_mov, data_mov, quantidade) VALUES (9, 'SAIDA', '2025-12-23', 6.86);
INSERT INTO movimentacoes (id_lote, tipo_mov, data_mov, quantidade) VALUES (479, 'ENTRADA', '2025-12-23', 7.0);
INSERT INTO movimentacoes (id_lote, tipo_mov, data_mov, quantidade) VALUES (479, 'SAIDA', '2025-12-23', 7.0);
INSERT INTO movimentacoes (id_lote, tipo_mov, data_mov, quantidade) VALUES (479, 'SAIDA', '2025-12-23', 7.0);
INSERT INTO movimentacoes (id_lote, tipo_mov, data_mov, quantidade) VALUES (234, 'ENTRADA', '2025-12-23', 24.0);
INSERT INTO movimentacoes (id_lote, tipo_mov, data_mov, quantidade) VALUES (234, 'SAIDA', '2025-12-23', 24.0);
INSERT INTO movimentacoes (id_lote, tipo_mov, data_mov, quantidade) VALUES (165, 'ENTRADA', '2025-12-23', 12006.0);
INSERT INTO movimentacoes (id_lote, tipo_mov, data_mov, quantidade) VALUES (165, 'SAIDA', '2025-12-23', 12006.0);
INSERT INTO movimentacoes (id_lote, tipo_mov, data_mov, quantidade) VALUES (411, 'ENTRADA', '2025-12-23', 29.0);
INSERT INTO movimentacoes (id_lote, tipo_mov, data_mov, quantidade) VALUES (402, 'ENTRADA', '2025-12-23', 29.0);
INSERT INTO movimentacoes (id_lote, tipo_mov, data_mov, quantidade) VALUES (160, 'ENTRADA', '2025-12-23', 29.0);
INSERT INTO movimentacoes (id_lote, tipo_mov, data_mov, quantidade) VALUES (250, 'ENTRADA', '2025-12-23', 54115.0);
INSERT INTO movimentacoes (id_lote, tipo_mov, data_mov, quantidade) VALUES (78, 'ENTRADA', '2025-12-23', 8.0);
INSERT INTO movimentacoes (id_lote, tipo_mov, data_mov, quantidade) VALUES (78, 'SAIDA', '2025-12-23', 8.0);
INSERT INTO movimentacoes (id_lote, tipo_mov, data_mov, quantidade) VALUES (78, 'SAIDA', '2025-12-23', 8.0);
INSERT INTO movimentacoes (id_lote, tipo_mov, data_mov, quantidade) VALUES (457, 'ENTRADA', '2025-12-23', 1.0);
INSERT INTO movimentacoes (id_lote, tipo_mov, data_mov, quantidade) VALUES (145, 'ENTRADA', '2025-12-23', 29.0);
INSERT INTO movimentacoes (id_lote, tipo_mov, data_mov, quantidade) VALUES (475, 'ENTRADA', '2025-12-23', 1.0);
INSERT INTO movimentacoes (id_lote, tipo_mov, data_mov, quantidade) VALUES (146, 'ENTRADA', '2025-12-23', 29.0);
INSERT INTO movimentacoes (id_lote, tipo_mov, data_mov, quantidade) VALUES (211, 'ENTRADA', '2025-12-23', 29.0);
INSERT INTO movimentacoes (id_lote, tipo_mov, data_mov, quantidade) VALUES (136, 'ENTRADA', '2025-12-23', 5.0);
INSERT INTO movimentacoes (id_lote, tipo_mov, data_mov, quantidade) VALUES (43, 'ENTRADA', '2025-12-23', 55811.0);
INSERT INTO movimentacoes (id_lote, tipo_mov, data_mov, quantidade) VALUES (324, 'ENTRADA', '2025-12-23', 55.0);
INSERT INTO movimentacoes (id_lote, tipo_mov, data_mov, quantidade) VALUES (324, 'SAIDA', '2025-12-23', 55.0);
INSERT INTO movimentacoes (id_lote, tipo_mov, data_mov, quantidade) VALUES (79, 'ENTRADA', '2025-12-23', 29.0);
INSERT INTO movimentacoes (id_lote, tipo_mov, data_mov, quantidade) VALUES (49, 'ENTRADA', '2025-12-23', 3.0);
INSERT INTO movimentacoes (id_lote, tipo_mov, data_mov, quantidade) VALUES (38, 'ENTRADA', '2025-12-23', 9.0);
INSERT INTO movimentacoes (id_lote, tipo_mov, data_mov, quantidade) VALUES (528, 'ENTRADA', '2025-12-23', 5.0);
INSERT INTO movimentacoes (id_lote, tipo_mov, data_mov, quantidade) VALUES (528, 'SAIDA', '2025-12-23', 5.0);
INSERT INTO movimentacoes (id_lote, tipo_mov, data_mov, quantidade) VALUES (515, 'ENTRADA', '2025-12-23', 216000.0);
INSERT INTO movimentacoes (id_lote, tipo_mov, data_mov, quantidade) VALUES (515, 'SAIDA', '2025-12-23', 216000.0);
INSERT INTO movimentacoes (id_lote, tipo_mov, data_mov, quantidade) VALUES (515, 'SAIDA', '2025-12-23', 216000.0);
INSERT INTO movimentacoes (id_lote, tipo_mov, data_mov, quantidade) VALUES (512, 'ENTRADA', '2025-12-23', 216000.0);
INSERT INTO movimentacoes (id_lote, tipo_mov, data_mov, quantidade) VALUES (512, 'SAIDA', '2025-12-23', 216000.0);
INSERT INTO movimentacoes (id_lote, tipo_mov, data_mov, quantidade) VALUES (204, 'ENTRADA', '2025-12-23', 2220.0);
INSERT INTO movimentacoes (id_lote, tipo_mov, data_mov, quantidade) VALUES (204, 'SAIDA', '2025-12-23', 2220.0);
INSERT INTO movimentacoes (id_lote, tipo_mov, data_mov, quantidade) VALUES (204, 'SAIDA', '2025-12-23', 2220.0);
INSERT INTO movimentacoes (id_lote, tipo_mov, data_mov, quantidade) VALUES (204, 'SAIDA', '2025-12-23', 2220.0);
INSERT INTO movimentacoes (id_lote, tipo_mov, data_mov, quantidade) VALUES (186, 'ENTRADA', '2025-12-23', 29.0);
INSERT INTO movimentacoes (id_lote, tipo_mov, data_mov, quantidade) VALUES (186, 'SAIDA', '2025-12-23', 29.0);
INSERT INTO movimentacoes (id_lote, tipo_mov, data_mov, quantidade) VALUES (186, 'SAIDA', '2025-12-23', 29.0);
INSERT INTO movimentacoes (id_lote, tipo_mov, data_mov, quantidade) VALUES (186, 'SAIDA', '2025-12-23', 29.0);
INSERT INTO movimentacoes (id_lote, tipo_mov, data_mov, quantidade) VALUES (186, 'SAIDA', '2025-12-23', 29.0);
INSERT INTO movimentacoes (id_lote, tipo_mov, data_mov, quantidade) VALUES (186, 'SAIDA', '2025-12-23', 29.0);
INSERT INTO movimentacoes (id_lote, tipo_mov, data_mov, quantidade) VALUES (186, 'SAIDA', '2025-12-23', 29.0);
INSERT INTO movimentacoes (id_lote, tipo_mov, data_mov, quantidade) VALUES (482, 'ENTRADA', '2025-12-23', 59556.0);
INSERT INTO movimentacoes (id_lote, tipo_mov, data_mov, quantidade) VALUES (33, 'ENTRADA', '2025-12-23', 1.0);
INSERT INTO movimentacoes (id_lote, tipo_mov, data_mov, quantidade) VALUES (266, 'ENTRADA', '2025-12-23', 1203529.0);
INSERT INTO movimentacoes (id_lote, tipo_mov, data_mov, quantidade) VALUES (60, 'ENTRADA', '2025-12-23', 31.0);
INSERT INTO movimentacoes (id_lote, tipo_mov, data_mov, quantidade) VALUES (92, 'ENTRADA', '2025-12-23', 31.0);
INSERT INTO movimentacoes (id_lote, tipo_mov, data_mov, quantidade) VALUES (92, 'SAIDA', '2025-12-23', 31.0);
INSERT INTO movimentacoes (id_lote, tipo_mov, data_mov, quantidade) VALUES (197, 'ENTRADA', '2025-12-23', 250.0);
INSERT INTO movimentacoes (id_lote, tipo_mov, data_mov, quantidade) VALUES (208, 'ENTRADA', '2025-12-23', 600.0);
INSERT INTO movimentacoes (id_lote, tipo_mov, data_mov, quantidade) VALUES (115, 'ENTRADA', '2025-12-23', 1000.0);
INSERT INTO movimentacoes (id_lote, tipo_mov, data_mov, quantidade) VALUES (507, 'ENTRADA', '2025-12-23', 150.0);
INSERT INTO movimentacoes (id_lote, tipo_mov, data_mov, quantidade) VALUES (83, 'ENTRADA', '2025-12-23', 1.0);
INSERT INTO movimentacoes (id_lote, tipo_mov, data_mov, quantidade) VALUES (42, 'ENTRADA', '2025-12-23', 10.0);
INSERT INTO movimentacoes (id_lote, tipo_mov, data_mov, quantidade) VALUES (371, 'ENTRADA', '2025-12-23', 2501531.0);
INSERT INTO movimentacoes (id_lote, tipo_mov, data_mov, quantidade) VALUES (307, 'ENTRADA', '2025-12-23', 500.0);
INSERT INTO movimentacoes (id_lote, tipo_mov, data_mov, quantidade) VALUES (271, 'ENTRADA', '2025-12-23', 245597.0);
INSERT INTO movimentacoes (id_lote, tipo_mov, data_mov, quantidade) VALUES (53, 'ENTRADA', '2025-12-23', 14.12);
INSERT INTO movimentacoes (id_lote, tipo_mov, data_mov, quantidade) VALUES (134, 'SAIDA', '2025-12-23', 30.0);
INSERT INTO movimentacoes (id_lote, tipo_mov, data_mov, quantidade) VALUES (120, 'SAIDA', '2025-12-23', 1161.0);
INSERT INTO movimentacoes (id_lote, tipo_mov, data_mov, quantidade) VALUES (9, 'SAIDA', '2025-12-23', 6.86);
INSERT INTO movimentacoes (id_lote, tipo_mov, data_mov, quantidade) VALUES (182, 'SAIDA', '2025-12-23', 29.0);
INSERT INTO movimentacoes (id_lote, tipo_mov, data_mov, quantidade) VALUES (165, 'SAIDA', '2025-12-23', 12006.0);
INSERT INTO movimentacoes (id_lote, tipo_mov, data_mov, quantidade) VALUES (72, 'SAIDA', '2025-12-23', 17.0);
INSERT INTO movimentacoes (id_lote, tipo_mov, data_mov, quantidade) VALUES (364, 'SAIDA', '2025-12-23', 528.0);
INSERT INTO movimentacoes (id_lote, tipo_mov, data_mov, quantidade) VALUES (357, 'SAIDA', '2025-12-23', 528.0);
INSERT INTO movimentacoes (id_lote, tipo_mov, data_mov, quantidade) VALUES (120, 'SAIDA', '2025-12-23', 1161.0);
INSERT INTO movimentacoes (id_lote, tipo_mov, data_mov, quantidade) VALUES (498, 'SAIDA', '2025-12-23', 6.0);
INSERT INTO movimentacoes (id_lote, tipo_mov, data_mov, quantidade) VALUES (76, 'SAIDA', '2025-12-23', 4168.0);
INSERT INTO movimentacoes (id_lote, tipo_mov, data_mov, quantidade) VALUES (529, 'ENTRADA', '2025-12-23', 5.0);
INSERT INTO movimentacoes (id_lote, tipo_mov, data_mov, quantidade) VALUES (542, 'ENTRADA', '2025-12-23', 16.0);
INSERT INTO movimentacoes (id_lote, tipo_mov, data_mov, quantidade) VALUES (529, 'SAIDA', '2025-12-23', 5.0);
INSERT INTO movimentacoes (id_lote, tipo_mov, data_mov, quantidade) VALUES (76, 'ENTRADA', '2025-12-23', 4168.0);
INSERT INTO movimentacoes (id_lote, tipo_mov, data_mov, quantidade) VALUES (165, 'SAIDA', '2025-12-23', 12006.0);
INSERT INTO movimentacoes (id_lote, tipo_mov, data_mov, quantidade) VALUES (165, 'SAIDA', '2025-12-23', 12006.0);
INSERT INTO movimentacoes (id_lote, tipo_mov, data_mov, quantidade) VALUES (512, 'SAIDA', '2025-12-23', 216000.0);
INSERT INTO movimentacoes (id_lote, tipo_mov, data_mov, quantidade) VALUES (101, 'ENTRADA', '2025-12-23', 30.0);
INSERT INTO movimentacoes (id_lote, tipo_mov, data_mov, quantidade) VALUES (120, 'SAIDA', '2025-12-23', 1161.0);
INSERT INTO movimentacoes (id_lote, tipo_mov, data_mov, quantidade) VALUES (498, 'SAIDA', '2025-12-23', 6.0);
INSERT INTO movimentacoes (id_lote, tipo_mov, data_mov, quantidade) VALUES (165, 'SAIDA', '2025-12-23', 12006.0);
INSERT INTO movimentacoes (id_lote, tipo_mov, data_mov, quantidade) VALUES (60, 'SAIDA', '2025-12-23', 31.0);
INSERT INTO movimentacoes (id_lote, tipo_mov, data_mov, quantidade) VALUES (49, 'SAIDA', '2025-12-23', 3.0);
INSERT INTO movimentacoes (id_lote, tipo_mov, data_mov, quantidade) VALUES (120, 'SAIDA', '2025-12-23', 1161.0);
INSERT INTO movimentacoes (id_lote, tipo_mov, data_mov, quantidade) VALUES (49, 'SAIDA', '2025-12-23', 3.0);
INSERT INTO movimentacoes (id_lote, tipo_mov, data_mov, quantidade) VALUES (165, 'SAIDA', '2025-12-23', 12006.0);
INSERT INTO movimentacoes (id_lote, tipo_mov, data_mov, quantidade) VALUES (498, 'SAIDA', '2025-12-23', 6.0);
INSERT INTO movimentacoes (id_lote, tipo_mov, data_mov, quantidade) VALUES (60, 'SAIDA', '2025-12-23', 31.0);
INSERT INTO movimentacoes (id_lote, tipo_mov, data_mov, quantidade) VALUES (60, 'ENTRADA', '2025-12-23', 31.0);
INSERT INTO movimentacoes (id_lote, tipo_mov, data_mov, quantidade) VALUES (117, 'ENTRADA', '2025-12-23', 1.0);
INSERT INTO movimentacoes (id_lote, tipo_mov, data_mov, quantidade) VALUES (357, 'SAIDA', '2025-12-23', 528.0);
INSERT INTO movimentacoes (id_lote, tipo_mov, data_mov, quantidade) VALUES (118, 'ENTRADA', '2025-12-23', 2006.0);
INSERT INTO movimentacoes (id_lote, tipo_mov, data_mov, quantidade) VALUES (117, 'SAIDA', '2025-12-23', 1.0);
INSERT INTO movimentacoes (id_lote, tipo_mov, data_mov, quantidade) VALUES (458, 'ENTRADA', '2025-12-23', 31.0);
INSERT INTO movimentacoes (id_lote, tipo_mov, data_mov, quantidade) VALUES (498, 'SAIDA', '2025-12-23', 6.0);
INSERT INTO movimentacoes (id_lote, tipo_mov, data_mov, quantidade) VALUES (165, 'SAIDA', '2025-12-23', 12006.0);
INSERT INTO movimentacoes (id_lote, tipo_mov, data_mov, quantidade) VALUES (402, 'SAIDA', '2025-12-23', 29.0);
INSERT INTO movimentacoes (id_lote, tipo_mov, data_mov, quantidade) VALUES (512, 'SAIDA', '2025-12-23', 216000.0);
INSERT INTO movimentacoes (id_lote, tipo_mov, data_mov, quantidade) VALUES (60, 'SAIDA', '2025-12-23', 31.0);
INSERT INTO movimentacoes (id_lote, tipo_mov, data_mov, quantidade) VALUES (118, 'SAIDA', '2025-12-23', 2006.0);
INSERT INTO movimentacoes (id_lote, tipo_mov, data_mov, quantidade) VALUES (60, 'SAIDA', '2025-12-23', 31.0);
INSERT INTO movimentacoes (id_lote, tipo_mov, data_mov, quantidade) VALUES (38, 'SAIDA', '2025-12-23', 9.0);
INSERT INTO movimentacoes (id_lote, tipo_mov, data_mov, quantidade) VALUES (186, 'SAIDA', '2025-12-23', 29.0);
INSERT INTO movimentacoes (id_lote, tipo_mov, data_mov, quantidade) VALUES (458, 'SAIDA', '2025-12-23', 31.0);
INSERT INTO movimentacoes (id_lote, tipo_mov, data_mov, quantidade) VALUES (533, 'SAIDA', '2025-12-23', 222332.0);
INSERT INTO movimentacoes (id_lote, tipo_mov, data_mov, quantidade) VALUES (9, 'SAIDA', '2025-12-23', 6.86);
INSERT INTO movimentacoes (id_lote, tipo_mov, data_mov, quantidade) VALUES (234, 'SAIDA', '2025-12-23', 24.0);
INSERT INTO movimentacoes (id_lote, tipo_mov, data_mov, quantidade) VALUES (165, 'SAIDA', '2025-12-23', 12006.0);
INSERT INTO movimentacoes (id_lote, tipo_mov, data_mov, quantidade) VALUES (186, 'SAIDA', '2025-12-23', 29.0);
INSERT INTO movimentacoes (id_lote, tipo_mov, data_mov, quantidade) VALUES (427, 'ENTRADA', '2025-12-23', 1.0);
INSERT INTO movimentacoes (id_lote, tipo_mov, data_mov, quantidade) VALUES (118, 'SAIDA', '2025-12-23', 2006.0);
INSERT INTO movimentacoes (id_lote, tipo_mov, data_mov, quantidade) VALUES (334, 'ENTRADA', '2025-12-23', 30.0);
INSERT INTO movimentacoes (id_lote, tipo_mov, data_mov, quantidade) VALUES (498, 'SAIDA', '2025-12-23', 6.0);
INSERT INTO movimentacoes (id_lote, tipo_mov, data_mov, quantidade) VALUES (186, 'SAIDA', '2025-12-23', 29.0);
INSERT INTO movimentacoes (id_lote, tipo_mov, data_mov, quantidade) VALUES (60, 'SAIDA', '2025-12-23', 31.0);
INSERT INTO movimentacoes (id_lote, tipo_mov, data_mov, quantidade) VALUES (458, 'SAIDA', '2025-12-23', 31.0);
INSERT INTO movimentacoes (id_lote, tipo_mov, data_mov, quantidade) VALUES (135, 'SAIDA', '2025-12-23', 30.0);
INSERT INTO movimentacoes (id_lote, tipo_mov, data_mov, quantidade) VALUES (359, 'SAIDA', '2025-12-23', 528.0);
INSERT INTO movimentacoes (id_lote, tipo_mov, data_mov, quantidade) VALUES (357, 'SAIDA', '2025-12-23', 528.0);
INSERT INTO movimentacoes (id_lote, tipo_mov, data_mov, quantidade) VALUES (119, 'ENTRADA', '2025-12-23', 30.0);
INSERT INTO movimentacoes (id_lote, tipo_mov, data_mov, quantidade) VALUES (118, 'SAIDA', '2025-12-23', 2006.0);
INSERT INTO movimentacoes (id_lote, tipo_mov, data_mov, quantidade) VALUES (49, 'SAIDA', '2025-12-23', 3.0);
INSERT INTO movimentacoes (id_lote, tipo_mov, data_mov, quantidade) VALUES (533, 'SAIDA', '2025-12-23', 222332.0);
INSERT INTO movimentacoes (id_lote, tipo_mov, data_mov, quantidade) VALUES (165, 'SAIDA', '2025-12-23', 12006.0);
INSERT INTO movimentacoes (id_lote, tipo_mov, data_mov, quantidade) VALUES (165, 'SAIDA', '2025-12-23', 12006.0);
INSERT INTO movimentacoes (id_lote, tipo_mov, data_mov, quantidade) VALUES (49, 'SAIDA', '2025-12-23', 3.0);
INSERT INTO movimentacoes (id_lote, tipo_mov, data_mov, quantidade) VALUES (427, 'SAIDA', '2025-12-23', 1.0);
INSERT INTO movimentacoes (id_lote, tipo_mov, data_mov, quantidade) VALUES (318, 'ENTRADA', '2025-12-23', 492246.0);
INSERT INTO movimentacoes (id_lote, tipo_mov, data_mov, quantidade) VALUES (498, 'SAIDA', '2025-12-23', 6.0);
INSERT INTO movimentacoes (id_lote, tipo_mov, data_mov, quantidade) VALUES (402, 'SAIDA', '2025-12-23', 29.0);
INSERT INTO movimentacoes (id_lote, tipo_mov, data_mov, quantidade) VALUES (78, 'SAIDA', '2025-12-23', 8.0);
INSERT INTO movimentacoes (id_lote, tipo_mov, data_mov, quantidade) VALUES (38, 'SAIDA', '2025-12-23', 9.0);
INSERT INTO movimentacoes (id_lote, tipo_mov, data_mov, quantidade) VALUES (458, 'SAIDA', '2025-12-23', 31.0);
INSERT INTO movimentacoes (id_lote, tipo_mov, data_mov, quantidade) VALUES (251, 'ENTRADA', '2025-12-23', 2205110520.0);
INSERT INTO movimentacoes (id_lote, tipo_mov, data_mov, quantidade) VALUES (512, 'SAIDA', '2025-12-23', 216000.0);
INSERT INTO movimentacoes (id_lote, tipo_mov, data_mov, quantidade) VALUES (60, 'SAIDA', '2025-12-23', 31.0);
INSERT INTO movimentacoes (id_lote, tipo_mov, data_mov, quantidade) VALUES (92, 'SAIDA', '2025-12-23', 31.0);
INSERT INTO movimentacoes (id_lote, tipo_mov, data_mov, quantidade) VALUES (44, 'ENTRADA', '2025-12-23', 2007.0);
INSERT INTO movimentacoes (id_lote, tipo_mov, data_mov, quantidade) VALUES (371, 'SAIDA', '2025-12-23', 2501531.0);
INSERT INTO movimentacoes (id_lote, tipo_mov, data_mov, quantidade) VALUES (359, 'SAIDA', '2025-12-23', 528.0);
INSERT INTO movimentacoes (id_lote, tipo_mov, data_mov, quantidade) VALUES (529, 'SAIDA', '2025-12-23', 5.0);
INSERT INTO movimentacoes (id_lote, tipo_mov, data_mov, quantidade) VALUES (60, 'SAIDA', '2025-12-23', 31.0);
INSERT INTO movimentacoes (id_lote, tipo_mov, data_mov, quantidade) VALUES (9, 'SAIDA', '2025-12-23', 6.86);
INSERT INTO movimentacoes (id_lote, tipo_mov, data_mov, quantidade) VALUES (302, 'ENTRADA', '2025-12-23', 2.0);
INSERT INTO movimentacoes (id_lote, tipo_mov, data_mov, quantidade) VALUES (303, 'ENTRADA', '2025-12-23', 2.0);
INSERT INTO movimentacoes (id_lote, tipo_mov, data_mov, quantidade) VALUES (302, 'ENTRADA', '2025-12-23', 2.0);
INSERT INTO movimentacoes (id_lote, tipo_mov, data_mov, quantidade) VALUES (303, 'ENTRADA', '2025-12-23', 2.0);
INSERT INTO movimentacoes (id_lote, tipo_mov, data_mov, quantidade) VALUES (357, 'SAIDA', '2025-12-23', 528.0);
INSERT INTO movimentacoes (id_lote, tipo_mov, data_mov, quantidade) VALUES (119, 'SAIDA', '2025-12-23', 30.0);
INSERT INTO movimentacoes (id_lote, tipo_mov, data_mov, quantidade) VALUES (427, 'SAIDA', '2025-12-23', 1.0);
INSERT INTO movimentacoes (id_lote, tipo_mov, data_mov, quantidade) VALUES (498, 'SAIDA', '2025-12-23', 6.0);
INSERT INTO movimentacoes (id_lote, tipo_mov, data_mov, quantidade) VALUES (165, 'SAIDA', '2025-12-23', 12006.0);
INSERT INTO movimentacoes (id_lote, tipo_mov, data_mov, quantidade) VALUES (181, 'ENTRADA', '2025-12-23', 31.0);
INSERT INTO movimentacoes (id_lote, tipo_mov, data_mov, quantidade) VALUES (14, 'ENTRADA', '2025-12-23', 1268.0);
INSERT INTO movimentacoes (id_lote, tipo_mov, data_mov, quantidade) VALUES (533, 'SAIDA', '2025-12-23', 222332.0);
INSERT INTO movimentacoes (id_lote, tipo_mov, data_mov, quantidade) VALUES (186, 'SAIDA', '2025-12-23', 29.0);
INSERT INTO movimentacoes (id_lote, tipo_mov, data_mov, quantidade) VALUES (364, 'SAIDA', '2025-12-23', 528.0);
INSERT INTO movimentacoes (id_lote, tipo_mov, data_mov, quantidade) VALUES (364, 'ENTRADA', '2025-12-23', 537.0);
INSERT INTO movimentacoes (id_lote, tipo_mov, data_mov, quantidade) VALUES (357, 'ENTRADA', '2025-12-23', 537.0);
INSERT INTO movimentacoes (id_lote, tipo_mov, data_mov, quantidade) VALUES (119, 'SAIDA', '2025-12-23', 30.0);
INSERT INTO movimentacoes (id_lote, tipo_mov, data_mov, quantidade) VALUES (251, 'SAIDA', '2025-12-23', 2205110520.0);
INSERT INTO movimentacoes (id_lote, tipo_mov, data_mov, quantidade) VALUES (498, 'SAIDA', '2025-12-23', 6.0);
INSERT INTO movimentacoes (id_lote, tipo_mov, data_mov, quantidade) VALUES (457, 'SAIDA', '2025-12-23', 1.0);
INSERT INTO movimentacoes (id_lote, tipo_mov, data_mov, quantidade) VALUES (38, 'SAIDA', '2025-12-23', 9.0);
INSERT INTO movimentacoes (id_lote, tipo_mov, data_mov, quantidade) VALUES (60, 'SAIDA', '2025-12-23', 31.0);
INSERT INTO movimentacoes (id_lote, tipo_mov, data_mov, quantidade) VALUES (14, 'SAIDA', '2025-12-23', 1268.0);
INSERT INTO movimentacoes (id_lote, tipo_mov, data_mov, quantidade) VALUES (119, 'SAIDA', '2025-12-23', 30.0);
INSERT INTO movimentacoes (id_lote, tipo_mov, data_mov, quantidade) VALUES (44, 'SAIDA', '2025-12-23', 2007.0);
INSERT INTO movimentacoes (id_lote, tipo_mov, data_mov, quantidade) VALUES (165, 'SAIDA', '2025-12-23', 12006.0);
INSERT INTO movimentacoes (id_lote, tipo_mov, data_mov, quantidade) VALUES (38, 'SAIDA', '2025-12-23', 9.0);
INSERT INTO movimentacoes (id_lote, tipo_mov, data_mov, quantidade) VALUES (512, 'SAIDA', '2025-12-23', 216000.0);
INSERT INTO movimentacoes (id_lote, tipo_mov, data_mov, quantidade) VALUES (60, 'SAIDA', '2025-12-23', 31.0);
INSERT INTO movimentacoes (id_lote, tipo_mov, data_mov, quantidade) VALUES (498, 'SAIDA', '2025-12-23', 6.0);
INSERT INTO movimentacoes (id_lote, tipo_mov, data_mov, quantidade) VALUES (457, 'SAIDA', '2025-12-23', 1.0);
INSERT INTO movimentacoes (id_lote, tipo_mov, data_mov, quantidade) VALUES (165, 'SAIDA', '2025-12-23', 12006.0);
INSERT INTO movimentacoes (id_lote, tipo_mov, data_mov, quantidade) VALUES (343, 'ENTRADA', '2025-12-23', 6638.0);
INSERT INTO movimentacoes (id_lote, tipo_mov, data_mov, quantidade) VALUES (92, 'SAIDA', '2025-12-23', 31.0);
INSERT INTO movimentacoes (id_lote, tipo_mov, data_mov, quantidade) VALUES (427, 'SAIDA', '2025-12-23', 1.0);
INSERT INTO movimentacoes (id_lote, tipo_mov, data_mov, quantidade) VALUES (119, 'SAIDA', '2025-12-23', 30.0);
INSERT INTO movimentacoes (id_lote, tipo_mov, data_mov, quantidade) VALUES (165, 'SAIDA', '2025-12-23', 12006.0);
INSERT INTO movimentacoes (id_lote, tipo_mov, data_mov, quantidade) VALUES (165, 'SAIDA', '2025-12-23', 12006.0);
INSERT INTO movimentacoes (id_lote, tipo_mov, data_mov, quantidade) VALUES (457, 'SAIDA', '2025-12-23', 1.0);
INSERT INTO movimentacoes (id_lote, tipo_mov, data_mov, quantidade) VALUES (512, 'SAIDA', '2025-12-23', 216000.0);
INSERT INTO movimentacoes (id_lote, tipo_mov, data_mov, quantidade) VALUES (357, 'SAIDA', '2025-12-23', 537.0);
INSERT INTO movimentacoes (id_lote, tipo_mov, data_mov, quantidade) VALUES (339, 'ENTRADA', '2025-12-23', 1.0);
INSERT INTO movimentacoes (id_lote, tipo_mov, data_mov, quantidade) VALUES (119, 'ENTRADA', '2025-12-23', 30.0);
INSERT INTO movimentacoes (id_lote, tipo_mov, data_mov, quantidade) VALUES (119, 'SAIDA', '2025-12-23', 30.0);
INSERT INTO movimentacoes (id_lote, tipo_mov, data_mov, quantidade) VALUES (38, 'SAIDA', '2025-12-23', 9.0);
INSERT INTO movimentacoes (id_lote, tipo_mov, data_mov, quantidade) VALUES (327, 'ENTRADA', '2025-12-23', 18.0);
INSERT INTO movimentacoes (id_lote, tipo_mov, data_mov, quantidade) VALUES (310, 'SAIDA', '2025-12-23', 28.0);
INSERT INTO movimentacoes (id_lote, tipo_mov, data_mov, quantidade) VALUES (531, 'ENTRADA', '2025-12-23', 10.0);
INSERT INTO movimentacoes (id_lote, tipo_mov, data_mov, quantidade) VALUES (545, 'ENTRADA', '2025-12-23', 121176.0);
INSERT INTO movimentacoes (id_lote, tipo_mov, data_mov, quantidade) VALUES (186, 'SAIDA', '2025-12-23', 29.0);
INSERT INTO movimentacoes (id_lote, tipo_mov, data_mov, quantidade) VALUES (357, 'SAIDA', '2025-12-23', 537.0);
INSERT INTO movimentacoes (id_lote, tipo_mov, data_mov, quantidade) VALUES (357, 'ENTRADA', '2025-12-23', 537.0);
INSERT INTO movimentacoes (id_lote, tipo_mov, data_mov, quantidade) VALUES (426, 'ENTRADA', '2025-12-23', 6.0);
INSERT INTO movimentacoes (id_lote, tipo_mov, data_mov, quantidade) VALUES (264, 'ENTRADA', '2025-12-23', 27.0);
INSERT INTO movimentacoes (id_lote, tipo_mov, data_mov, quantidade) VALUES (153, 'ENTRADA', '2025-12-23', 50282896.0);
INSERT INTO movimentacoes (id_lote, tipo_mov, data_mov, quantidade) VALUES (339, 'SAIDA', '2025-12-23', 1.0);
INSERT INTO movimentacoes (id_lote, tipo_mov, data_mov, quantidade) VALUES (119, 'SAIDA', '2025-12-23', 30.0);
INSERT INTO movimentacoes (id_lote, tipo_mov, data_mov, quantidade) VALUES (136, 'SAIDA', '2025-12-23', 5.0);
INSERT INTO movimentacoes (id_lote, tipo_mov, data_mov, quantidade) VALUES (251, 'SAIDA', '2025-12-23', 2205110520.0);
INSERT INTO movimentacoes (id_lote, tipo_mov, data_mov, quantidade) VALUES (204, 'SAIDA', '2025-12-23', 2220.0);
INSERT INTO movimentacoes (id_lote, tipo_mov, data_mov, quantidade) VALUES (498, 'SAIDA', '2025-12-23', 6.0);
INSERT INTO movimentacoes (id_lote, tipo_mov, data_mov, quantidade) VALUES (251, 'SAIDA', '2025-12-23', 2205110520.0);
INSERT INTO movimentacoes (id_lote, tipo_mov, data_mov, quantidade) VALUES (165, 'SAIDA', '2025-12-23', 12006.0);
INSERT INTO movimentacoes (id_lote, tipo_mov, data_mov, quantidade) VALUES (457, 'SAIDA', '2025-12-23', 1.0);
INSERT INTO movimentacoes (id_lote, tipo_mov, data_mov, quantidade) VALUES (92, 'SAIDA', '2025-12-23', 31.0);
INSERT INTO movimentacoes (id_lote, tipo_mov, data_mov, quantidade) VALUES (136, 'SAIDA', '2025-12-23', 5.0);
INSERT INTO movimentacoes (id_lote, tipo_mov, data_mov, quantidade) VALUES (53, 'SAIDA', '2025-12-23', 14.12);
INSERT INTO movimentacoes (id_lote, tipo_mov, data_mov, quantidade) VALUES (9, 'SAIDA', '2025-12-23', 6.86);
INSERT INTO movimentacoes (id_lote, tipo_mov, data_mov, quantidade) VALUES (60, 'SAIDA', '2025-12-23', 31.0);
INSERT INTO movimentacoes (id_lote, tipo_mov, data_mov, quantidade) VALUES (270, 'ENTRADA', '2025-12-23', 14.0);
INSERT INTO movimentacoes (id_lote, tipo_mov, data_mov, quantidade) VALUES (287, 'ENTRADA', '2025-12-23', 2089.0);
INSERT INTO movimentacoes (id_lote, tipo_mov, data_mov, quantidade) VALUES (119, 'SAIDA', '2025-12-23', 30.0);
INSERT INTO movimentacoes (id_lote, tipo_mov, data_mov, quantidade) VALUES (427, 'SAIDA', '2025-12-23', 1.0);
INSERT INTO movimentacoes (id_lote, tipo_mov, data_mov, quantidade) VALUES (165, 'SAIDA', '2025-12-23', 12006.0);
INSERT INTO movimentacoes (id_lote, tipo_mov, data_mov, quantidade) VALUES (402, 'SAIDA', '2025-12-23', 29.0);
INSERT INTO movimentacoes (id_lote, tipo_mov, data_mov, quantidade) VALUES (119, 'SAIDA', '2025-12-23', 30.0);
INSERT INTO movimentacoes (id_lote, tipo_mov, data_mov, quantidade) VALUES (498, 'SAIDA', '2025-12-23', 6.0);
INSERT INTO movimentacoes (id_lote, tipo_mov, data_mov, quantidade) VALUES (507, 'SAIDA', '2025-12-23', 150.0);
INSERT INTO movimentacoes (id_lote, tipo_mov, data_mov, quantidade) VALUES (119, 'SAIDA', '2025-12-23', 30.0);
INSERT INTO movimentacoes (id_lote, tipo_mov, data_mov, quantidade) VALUES (60, 'SAIDA', '2025-12-23', 31.0);
INSERT INTO movimentacoes (id_lote, tipo_mov, data_mov, quantidade) VALUES (9, 'SAIDA', '2025-12-23', 6.86);
INSERT INTO movimentacoes (id_lote, tipo_mov, data_mov, quantidade) VALUES (402, 'SAIDA', '2025-12-23', 29.0);
INSERT INTO movimentacoes (id_lote, tipo_mov, data_mov, quantidade) VALUES (38, 'SAIDA', '2025-12-23', 9.0);
INSERT INTO movimentacoes (id_lote, tipo_mov, data_mov, quantidade) VALUES (364, 'SAIDA', '2025-12-23', 528.0);
INSERT INTO movimentacoes (id_lote, tipo_mov, data_mov, quantidade) VALUES (357, 'SAIDA', '2025-12-23', 528.0);
INSERT INTO movimentacoes (id_lote, tipo_mov, data_mov, quantidade) VALUES (165, 'SAIDA', '2025-12-23', 12006.0);
INSERT INTO movimentacoes (id_lote, tipo_mov, data_mov, quantidade) VALUES (287, 'SAIDA', '2025-12-23', 2089.0);
INSERT INTO movimentacoes (id_lote, tipo_mov, data_mov, quantidade) VALUES (427, 'ENTRADA', '2025-12-23', 1.0);
INSERT INTO movimentacoes (id_lote, tipo_mov, data_mov, quantidade) VALUES (44, 'SAIDA', '2025-12-23', 2007.0);
INSERT INTO movimentacoes (id_lote, tipo_mov, data_mov, quantidade) VALUES (427, 'SAIDA', '2025-12-23', 1.0);
INSERT INTO movimentacoes (id_lote, tipo_mov, data_mov, quantidade) VALUES (498, 'SAIDA', '2025-12-23', 6.0);
INSERT INTO movimentacoes (id_lote, tipo_mov, data_mov, quantidade) VALUES (119, 'SAIDA', '2025-12-23', 30.0);
INSERT INTO movimentacoes (id_lote, tipo_mov, data_mov, quantidade) VALUES (533, 'SAIDA', '2025-12-23', 222332.0);
INSERT INTO movimentacoes (id_lote, tipo_mov, data_mov, quantidade) VALUES (251, 'SAIDA', '2025-12-23', 2205110520.0);
INSERT INTO movimentacoes (id_lote, tipo_mov, data_mov, quantidade) VALUES (165, 'SAIDA', '2025-12-23', 12006.0);
INSERT INTO movimentacoes (id_lote, tipo_mov, data_mov, quantidade) VALUES (411, 'SAIDA', '2025-12-23', 29.0);
INSERT INTO movimentacoes (id_lote, tipo_mov, data_mov, quantidade) VALUES (60, 'SAIDA', '2025-12-23', 31.0);
INSERT INTO movimentacoes (id_lote, tipo_mov, data_mov, quantidade) VALUES (547, 'ENTRADA', '2025-12-23', 54314399222.0);
INSERT INTO movimentacoes (id_lote, tipo_mov, data_mov, quantidade) VALUES (502, 'ENTRADA', '2025-12-23', 2236.0);
INSERT INTO movimentacoes (id_lote, tipo_mov, data_mov, quantidade) VALUES (498, 'SAIDA', '2025-12-23', 6.0);
INSERT INTO movimentacoes (id_lote, tipo_mov, data_mov, quantidade) VALUES (165, 'SAIDA', '2025-12-23', 12006.0);
INSERT INTO movimentacoes (id_lote, tipo_mov, data_mov, quantidade) VALUES (457, 'SAIDA', '2025-12-23', 1.0);
INSERT INTO movimentacoes (id_lote, tipo_mov, data_mov, quantidade) VALUES (38, 'SAIDA', '2025-12-23', 9.0);
INSERT INTO movimentacoes (id_lote, tipo_mov, data_mov, quantidade) VALUES (512, 'SAIDA', '2025-12-23', 216000.0);
INSERT INTO movimentacoes (id_lote, tipo_mov, data_mov, quantidade) VALUES (9, 'SAIDA', '2025-12-23', 6.86);
INSERT INTO movimentacoes (id_lote, tipo_mov, data_mov, quantidade) VALUES (357, 'SAIDA', '2025-12-23', 537.0);
INSERT INTO movimentacoes (id_lote, tipo_mov, data_mov, quantidade) VALUES (327, 'SAIDA', '2025-12-23', 18.0);
INSERT INTO movimentacoes (id_lote, tipo_mov, data_mov, quantidade) VALUES (498, 'SAIDA', '2025-12-23', 6.0);
INSERT INTO movimentacoes (id_lote, tipo_mov, data_mov, quantidade) VALUES (234, 'SAIDA', '2025-12-23', 24.0);
INSERT INTO movimentacoes (id_lote, tipo_mov, data_mov, quantidade) VALUES (165, 'SAIDA', '2025-12-23', 12006.0);
INSERT INTO movimentacoes (id_lote, tipo_mov, data_mov, quantidade) VALUES (38, 'SAIDA', '2025-12-23', 9.0);
INSERT INTO movimentacoes (id_lote, tipo_mov, data_mov, quantidade) VALUES (186, 'SAIDA', '2025-12-23', 29.0);
INSERT INTO movimentacoes (id_lote, tipo_mov, data_mov, quantidade) VALUES (119, 'SAIDA', '2025-12-23', 30.0);
INSERT INTO movimentacoes (id_lote, tipo_mov, data_mov, quantidade) VALUES (529, 'SAIDA', '2025-12-23', 5.0);
INSERT INTO movimentacoes (id_lote, tipo_mov, data_mov, quantidade) VALUES (427, 'SAIDA', '2025-12-23', 1.0);
INSERT INTO movimentacoes (id_lote, tipo_mov, data_mov, quantidade) VALUES (553, 'SAIDA', '2025-12-23', 30.0);
INSERT INTO movimentacoes (id_lote, tipo_mov, data_mov, quantidade) VALUES (119, 'SAIDA', '2025-12-23', 30.0);
INSERT INTO movimentacoes (id_lote, tipo_mov, data_mov, quantidade) VALUES (357, 'SAIDA', '2025-12-23', 537.0);
INSERT INTO movimentacoes (id_lote, tipo_mov, data_mov, quantidade) VALUES (498, 'SAIDA', '2025-12-23', 6.0);
INSERT INTO movimentacoes (id_lote, tipo_mov, data_mov, quantidade) VALUES (146, 'SAIDA', '2025-12-23', 29.0);
INSERT INTO movimentacoes (id_lote, tipo_mov, data_mov, quantidade) VALUES (115, 'SAIDA', '2025-12-23', 1000.0);
INSERT INTO movimentacoes (id_lote, tipo_mov, data_mov, quantidade) VALUES (251, 'SAIDA', '2025-12-23', 2205110520.0);
INSERT INTO movimentacoes (id_lote, tipo_mov, data_mov, quantidade) VALUES (287, 'SAIDA', '2025-12-23', 2089.0);
INSERT INTO movimentacoes (id_lote, tipo_mov, data_mov, quantidade) VALUES (499, 'SAIDA', '2025-12-23', 9.0);
INSERT INTO movimentacoes (id_lote, tipo_mov, data_mov, quantidade) VALUES (165, 'SAIDA', '2025-12-23', 12006.0);
INSERT INTO movimentacoes (id_lote, tipo_mov, data_mov, quantidade) VALUES (427, 'SAIDA', '2025-12-23', 1.0);
INSERT INTO movimentacoes (id_lote, tipo_mov, data_mov, quantidade) VALUES (60, 'SAIDA', '2025-12-23', 31.0);
INSERT INTO movimentacoes (id_lote, tipo_mov, data_mov, quantidade) VALUES (251, 'SAIDA', '2025-12-23', 2205110520.0);
INSERT INTO movimentacoes (id_lote, tipo_mov, data_mov, quantidade) VALUES (364, 'SAIDA', '2025-12-23', 537.0);
INSERT INTO movimentacoes (id_lote, tipo_mov, data_mov, quantidade) VALUES (44, 'SAIDA', '2025-12-23', 2007.0);
INSERT INTO movimentacoes (id_lote, tipo_mov, data_mov, quantidade) VALUES (287, 'SAIDA', '2025-12-23', 2089.0);
INSERT INTO movimentacoes (id_lote, tipo_mov, data_mov, quantidade) VALUES (427, 'SAIDA', '2025-12-23', 1.0);
INSERT INTO movimentacoes (id_lote, tipo_mov, data_mov, quantidade) VALUES (165, 'SAIDA', '2025-12-23', 12006.0);
INSERT INTO movimentacoes (id_lote, tipo_mov, data_mov, quantidade) VALUES (119, 'SAIDA', '2025-12-23', 30.0);
INSERT INTO movimentacoes (id_lote, tipo_mov, data_mov, quantidade) VALUES (60, 'SAIDA', '2025-12-23', 31.0);
INSERT INTO movimentacoes (id_lote, tipo_mov, data_mov, quantidade) VALUES (9, 'SAIDA', '2025-12-23', 6.86);
INSERT INTO movimentacoes (id_lote, tipo_mov, data_mov, quantidade) VALUES (339, 'SAIDA', '2025-12-23', 1.0);
INSERT INTO movimentacoes (id_lote, tipo_mov, data_mov, quantidade) VALUES (499, 'SAIDA', '2025-12-23', 9.0);
INSERT INTO movimentacoes (id_lote, tipo_mov, data_mov, quantidade) VALUES (60, 'SAIDA', '2025-12-23', 31.0);
INSERT INTO movimentacoes (id_lote, tipo_mov, data_mov, quantidade) VALUES (357, 'SAIDA', '2025-12-23', 537.0);
INSERT INTO movimentacoes (id_lote, tipo_mov, data_mov, quantidade) VALUES (119, 'SAIDA', '2025-12-23', 30.0);
INSERT INTO movimentacoes (id_lote, tipo_mov, data_mov, quantidade) VALUES (165, 'SAIDA', '2025-12-23', 12006.0);
INSERT INTO movimentacoes (id_lote, tipo_mov, data_mov, quantidade) VALUES (512, 'SAIDA', '2025-12-23', 216000.0);
INSERT INTO movimentacoes (id_lote, tipo_mov, data_mov, quantidade) VALUES (204, 'SAIDA', '2025-12-23', 2220.0);
INSERT INTO movimentacoes (id_lote, tipo_mov, data_mov, quantidade) VALUES (364, 'SAIDA', '2025-12-23', 537.0);
INSERT INTO movimentacoes (id_lote, tipo_mov, data_mov, quantidade) VALUES (357, 'SAIDA', '2025-12-23', 537.0);
INSERT INTO movimentacoes (id_lote, tipo_mov, data_mov, quantidade) VALUES (499, 'SAIDA', '2025-12-23', 9.0);
INSERT INTO movimentacoes (id_lote, tipo_mov, data_mov, quantidade) VALUES (60, 'SAIDA', '2025-12-23', 31.0);
INSERT INTO movimentacoes (id_lote, tipo_mov, data_mov, quantidade) VALUES (458, 'SAIDA', '2025-12-23', 31.0);
INSERT INTO movimentacoes (id_lote, tipo_mov, data_mov, quantidade) VALUES (42, 'SAIDA', '2025-12-23', 21.0);
INSERT INTO movimentacoes (id_lote, tipo_mov, data_mov, quantidade) VALUES (83, 'SAIDA', '2025-12-23', 21.0);
INSERT INTO movimentacoes (id_lote, tipo_mov, data_mov, quantidade) VALUES (160, 'SAIDA', '2025-12-23', 30.0);
INSERT INTO movimentacoes (id_lote, tipo_mov, data_mov, quantidade) VALUES (238, 'SAIDA', '2025-12-23', 29.0);
INSERT INTO movimentacoes (id_lote, tipo_mov, data_mov, quantidade) VALUES (553, 'ENTRADA', '2025-12-23', 28.0);
INSERT INTO movimentacoes (id_lote, tipo_mov, data_mov, quantidade) VALUES (245, 'ENTRADA', '2025-12-23', 29.0);
INSERT INTO movimentacoes (id_lote, tipo_mov, data_mov, quantidade) VALUES (110, 'SAIDA', '2025-12-23', 6.0);
INSERT INTO movimentacoes (id_lote, tipo_mov, data_mov, quantidade) VALUES (529, 'SAIDA', '2025-12-23', 5.0);
INSERT INTO movimentacoes (id_lote, tipo_mov, data_mov, quantidade) VALUES (211, 'SAIDA', '2025-12-23', 31.0);
INSERT INTO movimentacoes (id_lote, tipo_mov, data_mov, quantidade) VALUES (309, 'ENTRADA', '2025-12-23', 1.0);
INSERT INTO movimentacoes (id_lote, tipo_mov, data_mov, quantidade) VALUES (196, 'ENTRADA', '2025-12-23', 50.0);
INSERT INTO movimentacoes (id_lote, tipo_mov, data_mov, quantidade) VALUES (213, 'SAIDA', '2025-12-23', 29.0);
INSERT INTO movimentacoes (id_lote, tipo_mov, data_mov, quantidade) VALUES (220, 'ENTRADA', '2025-12-23', 5.0);
INSERT INTO movimentacoes (id_lote, tipo_mov, data_mov, quantidade) VALUES (237, 'ENTRADA', '2025-12-23', 30.0);
INSERT INTO movimentacoes (id_lote, tipo_mov, data_mov, quantidade) VALUES (100, 'ENTRADA', '2025-12-23', 5.0);
INSERT INTO movimentacoes (id_lote, tipo_mov, data_mov, quantidade) VALUES (307, 'ENTRADA', '2025-12-23', 500.0);
INSERT INTO movimentacoes (id_lote, tipo_mov, data_mov, quantidade) VALUES (84, 'ENTRADA', '2025-12-23', 2.0);
INSERT INTO movimentacoes (id_lote, tipo_mov, data_mov, quantidade) VALUES (158, 'ENTRADA', '2025-12-23', 12.0);
INSERT INTO movimentacoes (id_lote, tipo_mov, data_mov, quantidade) VALUES (546, 'ENTRADA', '2025-12-23', 9.0);
INSERT INTO movimentacoes (id_lote, tipo_mov, data_mov, quantidade) VALUES (297, 'ENTRADA', '2025-12-23', 23778.0);
INSERT INTO movimentacoes (id_lote, tipo_mov, data_mov, quantidade) VALUES (113, 'ENTRADA', '2025-12-23', 2000.0);
INSERT INTO movimentacoes (id_lote, tipo_mov, data_mov, quantidade) VALUES (260, 'ENTRADA', '2025-12-23', 250.0);
INSERT INTO movimentacoes (id_lote, tipo_mov, data_mov, quantidade) VALUES (566, 'SAIDA', '2025-12-23', 211268.0);
INSERT INTO movimentacoes (id_lote, tipo_mov, data_mov, quantidade) VALUES (565, 'SAIDA', '2025-12-23', 211268.0);
INSERT INTO movimentacoes (id_lote, tipo_mov, data_mov, quantidade) VALUES (332, 'ENTRADA', '2025-12-23', 25.0);
INSERT INTO movimentacoes (id_lote, tipo_mov, data_mov, quantidade) VALUES (545, 'SAIDA', '2025-12-23', 121176.0);
INSERT INTO movimentacoes (id_lote, tipo_mov, data_mov, quantidade) VALUES (245, 'SAIDA', '2025-12-23', 29.0);
INSERT INTO movimentacoes (id_lote, tipo_mov, data_mov, quantidade) VALUES (195, 'ENTRADA', '2025-12-23', 50.0);
INSERT INTO movimentacoes (id_lote, tipo_mov, data_mov, quantidade) VALUES (569, 'SAIDA', '2025-12-23', 15.0);
INSERT INTO movimentacoes (id_lote, tipo_mov, data_mov, quantidade) VALUES (555, 'SAIDA', '2025-12-23', 304.0);
INSERT INTO movimentacoes (id_lote, tipo_mov, data_mov, quantidade) VALUES (561, 'SAIDA', '2025-12-23', 2501234.0);
INSERT INTO movimentacoes (id_lote, tipo_mov, data_mov, quantidade) VALUES (562, 'SAIDA', '2025-12-23', 2501234.0);
INSERT INTO movimentacoes (id_lote, tipo_mov, data_mov, quantidade) VALUES (84, 'SAIDA', '2025-12-23', 2.0);
INSERT INTO movimentacoes (id_lote, tipo_mov, data_mov, quantidade) VALUES (332, 'SAIDA', '2025-12-23', 25.0);
INSERT INTO movimentacoes (id_lote, tipo_mov, data_mov, quantidade) VALUES (307, 'SAIDA', '2025-12-23', 500.0);
INSERT INTO movimentacoes (id_lote, tipo_mov, data_mov, quantidade) VALUES (252, 'ENTRADA', '2025-12-23', 2212232022.0);
INSERT INTO movimentacoes (id_lote, tipo_mov, data_mov, quantidade) VALUES (253, 'ENTRADA', '2025-12-23', 2212262028.0);
INSERT INTO movimentacoes (id_lote, tipo_mov, data_mov, quantidade) VALUES (155, 'ENTRADA', '2025-12-23', 11.0);
INSERT INTO movimentacoes (id_lote, tipo_mov, data_mov, quantidade) VALUES (459, 'ENTRADA', '2025-12-23', 31.0);
INSERT INTO movimentacoes (id_lote, tipo_mov, data_mov, quantidade) VALUES (316, 'ENTRADA', '2025-12-23', 29.0);
INSERT INTO movimentacoes (id_lote, tipo_mov, data_mov, quantidade) VALUES (369, 'ENTRADA', '2025-12-23', 25.0);
INSERT INTO movimentacoes (id_lote, tipo_mov, data_mov, quantidade) VALUES (550, 'ENTRADA', '2025-12-23', 1.0);
INSERT INTO movimentacoes (id_lote, tipo_mov, data_mov, quantidade) VALUES (267, 'ENTRADA', '2025-12-23', 10.0);
INSERT INTO movimentacoes (id_lote, tipo_mov, data_mov, quantidade) VALUES (369, 'ENTRADA', '2025-12-23', 25.0);
INSERT INTO movimentacoes (id_lote, tipo_mov, data_mov, quantidade) VALUES (526, 'ENTRADA', '2025-12-23', 50.0);
INSERT INTO movimentacoes (id_lote, tipo_mov, data_mov, quantidade) VALUES (499, 'SAIDA', '2025-12-23', 9.0);
INSERT INTO movimentacoes (id_lote, tipo_mov, data_mov, quantidade) VALUES (165, 'SAIDA', '2025-12-23', 12006.0);
INSERT INTO movimentacoes (id_lote, tipo_mov, data_mov, quantidade) VALUES (248, 'ENTRADA', '2025-12-23', 25.0);
INSERT INTO movimentacoes (id_lote, tipo_mov, data_mov, quantidade) VALUES (249, 'ENTRADA', '2025-12-23', 2.0);
INSERT INTO movimentacoes (id_lote, tipo_mov, data_mov, quantidade) VALUES (214, 'SAIDA', '2025-12-23', 29.0);
INSERT INTO movimentacoes (id_lote, tipo_mov, data_mov, quantidade) VALUES (221, 'ENTRADA', '2025-12-23', 5334.0);
INSERT INTO movimentacoes (id_lote, tipo_mov, data_mov, quantidade) VALUES (55, 'ENTRADA', '2025-12-23', 14.12);
INSERT INTO movimentacoes (id_lote, tipo_mov, data_mov, quantidade) VALUES (54, 'ENTRADA', '2025-12-23', 14.12);
INSERT INTO movimentacoes (id_lote, tipo_mov, data_mov, quantidade) VALUES (166, 'ENTRADA', '2025-12-23', 7.0);
INSERT INTO movimentacoes (id_lote, tipo_mov, data_mov, quantidade) VALUES (520, 'ENTRADA', '2025-12-23', 31.0);
INSERT INTO movimentacoes (id_lote, tipo_mov, data_mov, quantidade) VALUES (203, 'ENTRADA', '2025-12-23', 1.0);
INSERT INTO movimentacoes (id_lote, tipo_mov, data_mov, quantidade) VALUES (478, 'ENTRADA', '2025-12-23', 102277.0);
INSERT INTO movimentacoes (id_lote, tipo_mov, data_mov, quantidade) VALUES (416, 'ENTRADA', '2025-12-23', 30.0);
INSERT INTO movimentacoes (id_lote, tipo_mov, data_mov, quantidade) VALUES (73, 'ENTRADA', '2025-12-23', 31.0);
INSERT INTO movimentacoes (id_lote, tipo_mov, data_mov, quantidade) VALUES (75, 'ENTRADA', '2025-12-23', 31.0);
INSERT INTO movimentacoes (id_lote, tipo_mov, data_mov, quantidade) VALUES (61, 'ENTRADA', '2025-12-23', 31.0);
INSERT INTO movimentacoes (id_lote, tipo_mov, data_mov, quantidade) VALUES (93, 'ENTRADA', '2025-12-23', 257741.0);
INSERT INTO movimentacoes (id_lote, tipo_mov, data_mov, quantidade) VALUES (27, 'ENTRADA', '2025-12-23', 37.0);
INSERT INTO movimentacoes (id_lote, tipo_mov, data_mov, quantidade) VALUES (273, 'ENTRADA', '2025-12-23', 26.0);
INSERT INTO movimentacoes (id_lote, tipo_mov, data_mov, quantidade) VALUES (428, 'ENTRADA', '2025-12-23', 2.0);
INSERT INTO movimentacoes (id_lote, tipo_mov, data_mov, quantidade) VALUES (311, 'ENTRADA', '2025-12-23', 2.0);
INSERT INTO movimentacoes (id_lote, tipo_mov, data_mov, quantidade) VALUES (464, 'ENTRADA', '2025-12-23', 30.0);
INSERT INTO movimentacoes (id_lote, tipo_mov, data_mov, quantidade) VALUES (165, 'SAIDA', '2025-12-23', 12006.0);
INSERT INTO movimentacoes (id_lote, tipo_mov, data_mov, quantidade) VALUES (165, 'SAIDA', '2025-12-23', 12006.0);
INSERT INTO movimentacoes (id_lote, tipo_mov, data_mov, quantidade) VALUES (428, 'ENTRADA', '2025-12-23', 2.0);
INSERT INTO movimentacoes (id_lote, tipo_mov, data_mov, quantidade) VALUES (527, 'ENTRADA', '2025-12-23', 1241172.0);
INSERT INTO movimentacoes (id_lote, tipo_mov, data_mov, quantidade) VALUES (419, 'ENTRADA', '2025-12-23', 2.0);
INSERT INTO movimentacoes (id_lote, tipo_mov, data_mov, quantidade) VALUES (45, 'ENTRADA', '2025-12-23', 3.0);
INSERT INTO movimentacoes (id_lote, tipo_mov, data_mov, quantidade) VALUES (406, 'ENTRADA', '2025-12-23', 31.0);
INSERT INTO movimentacoes (id_lote, tipo_mov, data_mov, quantidade) VALUES (530, 'ENTRADA', '2025-12-23', 48800051222.0);
INSERT INTO movimentacoes (id_lote, tipo_mov, data_mov, quantidade) VALUES (235, 'ENTRADA', '2025-12-23', 24.0);
INSERT INTO movimentacoes (id_lote, tipo_mov, data_mov, quantidade) VALUES (183, 'ENTRADA', '2025-12-23', 2.0);
INSERT INTO movimentacoes (id_lote, tipo_mov, data_mov, quantidade) VALUES (9, 'SAIDA', '2025-12-23', 61021.0);
INSERT INTO movimentacoes (id_lote, tipo_mov, data_mov, quantidade) VALUES (9, 'SAIDA', '2025-12-23', 61021.0);
INSERT INTO movimentacoes (id_lote, tipo_mov, data_mov, quantidade) VALUES (529, 'SAIDA', '2025-12-23', 50222.0);
INSERT INTO movimentacoes (id_lote, tipo_mov, data_mov, quantidade) VALUES (97, 'SAIDA', '2025-12-23', 2.0);
INSERT INTO movimentacoes (id_lote, tipo_mov, data_mov, quantidade) VALUES (357, 'ENTRADA', '2025-12-23', 537.0);
INSERT INTO movimentacoes (id_lote, tipo_mov, data_mov, quantidade) VALUES (363, 'ENTRADA', '2025-12-23', 5.0);
INSERT INTO movimentacoes (id_lote, tipo_mov, data_mov, quantidade) VALUES (165, 'SAIDA', '2025-12-23', 12006.0);
INSERT INTO movimentacoes (id_lote, tipo_mov, data_mov, quantidade) VALUES (416, 'SAIDA', '2025-12-23', 7.0);
INSERT INTO movimentacoes (id_lote, tipo_mov, data_mov, quantidade) VALUES (542, 'SAIDA', '2025-12-23', 30.0);
INSERT INTO movimentacoes (id_lote, tipo_mov, data_mov, quantidade) VALUES (528, 'SAIDA', '2025-12-23', 5.0);
INSERT INTO movimentacoes (id_lote, tipo_mov, data_mov, quantidade) VALUES (499, 'SAIDA', '2025-12-23', 9.0);
INSERT INTO movimentacoes (id_lote, tipo_mov, data_mov, quantidade) VALUES (499, 'SAIDA', '2025-12-23', 9.0);
INSERT INTO movimentacoes (id_lote, tipo_mov, data_mov, quantidade) VALUES (512, 'SAIDA', '2025-12-23', 16.0);
INSERT INTO movimentacoes (id_lote, tipo_mov, data_mov, quantidade) VALUES (479, 'SAIDA', '2025-12-23', 7.0);
INSERT INTO movimentacoes (id_lote, tipo_mov, data_mov, quantidade) VALUES (479, 'SAIDA', '2025-12-23', 7.0);
INSERT INTO movimentacoes (id_lote, tipo_mov, data_mov, quantidade) VALUES (165, 'SAIDA', '2025-12-23', 12006.0);
INSERT INTO movimentacoes (id_lote, tipo_mov, data_mov, quantidade) VALUES (165, 'SAIDA', '2025-12-23', 12006.0);
INSERT INTO movimentacoes (id_lote, tipo_mov, data_mov, quantidade) VALUES (165, 'SAIDA', '2025-12-23', 12006.0);
INSERT INTO movimentacoes (id_lote, tipo_mov, data_mov, quantidade) VALUES (60, 'SAIDA', '2025-12-23', 31.0);
INSERT INTO movimentacoes (id_lote, tipo_mov, data_mov, quantidade) VALUES (60, 'SAIDA', '2025-12-23', 31.0);
INSERT INTO movimentacoes (id_lote, tipo_mov, data_mov, quantidade) VALUES (458, 'SAIDA', '2025-12-23', 31.0);
INSERT INTO movimentacoes (id_lote, tipo_mov, data_mov, quantidade) VALUES (458, 'SAIDA', '2025-12-23', 31.0);
INSERT INTO movimentacoes (id_lote, tipo_mov, data_mov, quantidade) VALUES (182, 'SAIDA', '2025-12-23', 31.0);
INSERT INTO movimentacoes (id_lote, tipo_mov, data_mov, quantidade) VALUES (182, 'SAIDA', '2025-12-23', 31.0);
INSERT INTO movimentacoes (id_lote, tipo_mov, data_mov, quantidade) VALUES (475, 'SAIDA', '2025-12-23', 1.0);
INSERT INTO movimentacoes (id_lote, tipo_mov, data_mov, quantidade) VALUES (38, 'SAIDA', '2025-12-23', 9.0);
INSERT INTO movimentacoes (id_lote, tipo_mov, data_mov, quantidade) VALUES (204, 'SAIDA', '2025-12-23', 2220.0);
INSERT INTO movimentacoes (id_lote, tipo_mov, data_mov, quantidade) VALUES (339, 'SAIDA', '2025-12-23', 1.0);
INSERT INTO movimentacoes (id_lote, tipo_mov, data_mov, quantidade) VALUES (339, 'SAIDA', '2025-12-23', 1.0);
INSERT INTO movimentacoes (id_lote, tipo_mov, data_mov, quantidade) VALUES (220, 'SAIDA', '2025-12-23', 5.0);
INSERT INTO movimentacoes (id_lote, tipo_mov, data_mov, quantidade) VALUES (324, 'SAIDA', '2025-12-23', 55.0);
INSERT INTO movimentacoes (id_lote, tipo_mov, data_mov, quantidade) VALUES (324, 'SAIDA', '2025-12-23', 55.0);
INSERT INTO movimentacoes (id_lote, tipo_mov, data_mov, quantidade) VALUES (520, 'SAIDA', '2025-12-23', 31.0);
INSERT INTO movimentacoes (id_lote, tipo_mov, data_mov, quantidade) VALUES (520, 'SAIDA', '2025-12-23', 31.0);
INSERT INTO movimentacoes (id_lote, tipo_mov, data_mov, quantidade) VALUES (92, 'SAIDA', '2025-12-23', 31.0);
INSERT INTO movimentacoes (id_lote, tipo_mov, data_mov, quantidade) VALUES (92, 'SAIDA', '2025-12-23', 31.0);
INSERT INTO movimentacoes (id_lote, tipo_mov, data_mov, quantidade) VALUES (542, 'SAIDA', '2025-12-23', 16.0);
INSERT INTO movimentacoes (id_lote, tipo_mov, data_mov, quantidade) VALUES (528, 'SAIDA', '2025-12-23', 5.0);
INSERT INTO movimentacoes (id_lote, tipo_mov, data_mov, quantidade) VALUES (337, 'SAIDA', '2025-12-23', 31.0);
INSERT INTO movimentacoes (id_lote, tipo_mov, data_mov, quantidade) VALUES (337, 'SAIDA', '2025-12-23', 73347.0);
INSERT INTO movimentacoes (id_lote, tipo_mov, data_mov, quantidade) VALUES (479, 'SAIDA', '2025-12-23', 7.0);
INSERT INTO movimentacoes (id_lote, tipo_mov, data_mov, quantidade) VALUES (165, 'SAIDA', '2025-12-23', 12006.0);
INSERT INTO movimentacoes (id_lote, tipo_mov, data_mov, quantidade) VALUES (165, 'SAIDA', '2025-12-23', 12006.0);
INSERT INTO movimentacoes (id_lote, tipo_mov, data_mov, quantidade) VALUES (165, 'SAIDA', '2025-12-23', 12006.0);
INSERT INTO movimentacoes (id_lote, tipo_mov, data_mov, quantidade) VALUES (475, 'SAIDA', '2025-12-23', 1.0);
INSERT INTO movimentacoes (id_lote, tipo_mov, data_mov, quantidade) VALUES (60, 'SAIDA', '2025-12-23', 31.0);
INSERT INTO movimentacoes (id_lote, tipo_mov, data_mov, quantidade) VALUES (60, 'SAIDA', '2025-12-23', 31.0);
INSERT INTO movimentacoes (id_lote, tipo_mov, data_mov, quantidade) VALUES (38, 'SAIDA', '2025-12-23', 9.0);
INSERT INTO movimentacoes (id_lote, tipo_mov, data_mov, quantidade) VALUES (38, 'SAIDA', '2025-12-23', 9.0);
INSERT INTO movimentacoes (id_lote, tipo_mov, data_mov, quantidade) VALUES (38, 'SAIDA', '2025-12-23', 9.0);
INSERT INTO movimentacoes (id_lote, tipo_mov, data_mov, quantidade) VALUES (38, 'SAIDA', '2025-12-23', 9.0);
INSERT INTO movimentacoes (id_lote, tipo_mov, data_mov, quantidade) VALUES (186, 'SAIDA', '2025-12-23', 29.0);
INSERT INTO movimentacoes (id_lote, tipo_mov, data_mov, quantidade) VALUES (186, 'SAIDA', '2025-12-23', 29.0);
INSERT INTO movimentacoes (id_lote, tipo_mov, data_mov, quantidade) VALUES (499, 'SAIDA', '2025-12-23', 9.0);
INSERT INTO movimentacoes (id_lote, tipo_mov, data_mov, quantidade) VALUES (479, 'SAIDA', '2025-12-23', 7.0);
INSERT INTO movimentacoes (id_lote, tipo_mov, data_mov, quantidade) VALUES (479, 'SAIDA', '2025-12-23', 7.0);
INSERT INTO movimentacoes (id_lote, tipo_mov, data_mov, quantidade) VALUES (165, 'SAIDA', '2025-12-23', 12006.0);
INSERT INTO movimentacoes (id_lote, tipo_mov, data_mov, quantidade) VALUES (165, 'SAIDA', '2025-12-23', 12006.0);
INSERT INTO movimentacoes (id_lote, tipo_mov, data_mov, quantidade) VALUES (38, 'SAIDA', '2025-12-23', 9.0);
INSERT INTO movimentacoes (id_lote, tipo_mov, data_mov, quantidade) VALUES (38, 'SAIDA', '2025-12-23', 9.0);
INSERT INTO movimentacoes (id_lote, tipo_mov, data_mov, quantidade) VALUES (38, 'SAIDA', '2025-12-23', 9.0);
INSERT INTO movimentacoes (id_lote, tipo_mov, data_mov, quantidade) VALUES (531, 'SAIDA', '2025-12-23', 10.0);
INSERT INTO movimentacoes (id_lote, tipo_mov, data_mov, quantidade) VALUES (531, 'SAIDA', '2025-12-23', 10.0);
INSERT INTO movimentacoes (id_lote, tipo_mov, data_mov, quantidade) VALUES (97, 'SAIDA', '2025-12-23', 2.0);
INSERT INTO movimentacoes (id_lote, tipo_mov, data_mov, quantidade) VALUES (337, 'SAIDA', '2025-12-23', 29.0);
INSERT INTO movimentacoes (id_lote, tipo_mov, data_mov, quantidade) VALUES (337, 'SAIDA', '2025-12-23', 29.0);
INSERT INTO movimentacoes (id_lote, tipo_mov, data_mov, quantidade) VALUES (416, 'SAIDA', '2025-12-23', 19.0);
INSERT INTO movimentacoes (id_lote, tipo_mov, data_mov, quantidade) VALUES (38, 'SAIDA', '2025-12-23', 9.0);
INSERT INTO movimentacoes (id_lote, tipo_mov, data_mov, quantidade) VALUES (186, 'SAIDA', '2025-12-23', 29.0);
INSERT INTO movimentacoes (id_lote, tipo_mov, data_mov, quantidade) VALUES (186, 'SAIDA', '2025-12-23', 29.0);
INSERT INTO movimentacoes (id_lote, tipo_mov, data_mov, quantidade) VALUES (186, 'SAIDA', '2025-12-23', 29.0);
INSERT INTO movimentacoes (id_lote, tipo_mov, data_mov, quantidade) VALUES (296, 'SAIDA', '2025-12-23', 2224.0);
INSERT INTO movimentacoes (id_lote, tipo_mov, data_mov, quantidade) VALUES (271, 'SAIDA', '2025-12-23', 245597.0);
INSERT INTO movimentacoes (id_lote, tipo_mov, data_mov, quantidade) VALUES (402, 'SAIDA', '2025-12-23', 31.0);
INSERT INTO movimentacoes (id_lote, tipo_mov, data_mov, quantidade) VALUES (499, 'SAIDA', '2025-12-23', 9.0);
INSERT INTO movimentacoes (id_lote, tipo_mov, data_mov, quantidade) VALUES (204, 'SAIDA', '2025-12-23', 2220.0);
INSERT INTO movimentacoes (id_lote, tipo_mov, data_mov, quantidade) VALUES (186, 'SAIDA', '2025-12-23', 29.0);
INSERT INTO movimentacoes (id_lote, tipo_mov, data_mov, quantidade) VALUES (120, 'SAIDA', '2025-12-23', 27.0);
INSERT INTO movimentacoes (id_lote, tipo_mov, data_mov, quantidade) VALUES (490, 'ENTRADA', '2025-12-23', 370.0);
INSERT INTO movimentacoes (id_lote, tipo_mov, data_mov, quantidade) VALUES (490, 'SAIDA', '2025-12-23', 370.0);
INSERT INTO movimentacoes (id_lote, tipo_mov, data_mov, quantidade) VALUES (60, 'SAIDA', '2025-12-23', 31.0);
INSERT INTO movimentacoes (id_lote, tipo_mov, data_mov, quantidade) VALUES (296, 'SAIDA', '2025-12-23', 2224.0);
INSERT INTO movimentacoes (id_lote, tipo_mov, data_mov, quantidade) VALUES (253, 'SAIDA', '2025-12-23', 2212262028.0);
INSERT INTO movimentacoes (id_lote, tipo_mov, data_mov, quantidade) VALUES (426, 'SAIDA', '2025-12-23', 6.0);
INSERT INTO movimentacoes (id_lote, tipo_mov, data_mov, quantidade) VALUES (92, 'SAIDA', '2025-12-23', 31.0);
INSERT INTO movimentacoes (id_lote, tipo_mov, data_mov, quantidade) VALUES (165, 'SAIDA', '2025-12-23', 12006.0);
INSERT INTO movimentacoes (id_lote, tipo_mov, data_mov, quantidade) VALUES (479, 'SAIDA', '2025-12-23', 7.0);
INSERT INTO movimentacoes (id_lote, tipo_mov, data_mov, quantidade) VALUES (253, 'SAIDA', '2025-12-23', 2212262028.0);
INSERT INTO movimentacoes (id_lote, tipo_mov, data_mov, quantidade) VALUES (357, 'SAIDA', '2025-12-23', 537.0);
INSERT INTO movimentacoes (id_lote, tipo_mov, data_mov, quantidade) VALUES (359, 'SAIDA', '2025-12-23', 545.0);
INSERT INTO movimentacoes (id_lote, tipo_mov, data_mov, quantidade) VALUES (120, 'SAIDA', '2025-12-23', 27.0);
INSERT INTO movimentacoes (id_lote, tipo_mov, data_mov, quantidade) VALUES (9, 'SAIDA', '2025-12-23', 61021.0);
INSERT INTO movimentacoes (id_lote, tipo_mov, data_mov, quantidade) VALUES (428, 'SAIDA', '2025-12-23', 2.0);
INSERT INTO movimentacoes (id_lote, tipo_mov, data_mov, quantidade) VALUES (479, 'SAIDA', '2025-12-23', 1007060.0);
INSERT INTO movimentacoes (id_lote, tipo_mov, data_mov, quantidade) VALUES (512, 'SAIDA', '2025-12-23', 16.0);
INSERT INTO movimentacoes (id_lote, tipo_mov, data_mov, quantidade) VALUES (494, 'SAIDA', '2025-12-23', 100.0);
INSERT INTO movimentacoes (id_lote, tipo_mov, data_mov, quantidade) VALUES (120, 'SAIDA', '2025-12-23', 27.0);
INSERT INTO movimentacoes (id_lote, tipo_mov, data_mov, quantidade) VALUES (253, 'SAIDA', '2025-12-23', 2212262028.0);
INSERT INTO movimentacoes (id_lote, tipo_mov, data_mov, quantidade) VALUES (60, 'SAIDA', '2025-12-23', 31.0);
INSERT INTO movimentacoes (id_lote, tipo_mov, data_mov, quantidade) VALUES (111, 'ENTRADA', '2025-12-23', 200.0);
INSERT INTO movimentacoes (id_lote, tipo_mov, data_mov, quantidade) VALUES (111, 'SAIDA', '2025-12-23', 200.0);
INSERT INTO movimentacoes (id_lote, tipo_mov, data_mov, quantidade) VALUES (165, 'SAIDA', '2025-12-23', 12006.0);
INSERT INTO movimentacoes (id_lote, tipo_mov, data_mov, quantidade) VALUES (520, 'SAIDA', '2025-12-23', 31.0);
INSERT INTO movimentacoes (id_lote, tipo_mov, data_mov, quantidade) VALUES (499, 'SAIDA', '2025-12-23', 9.0);
INSERT INTO movimentacoes (id_lote, tipo_mov, data_mov, quantidade) VALUES (120, 'SAIDA', '2025-12-23', 27.0);
INSERT INTO movimentacoes (id_lote, tipo_mov, data_mov, quantidade) VALUES (458, 'SAIDA', '2025-12-23', 31.0);
INSERT INTO movimentacoes (id_lote, tipo_mov, data_mov, quantidade) VALUES (77, 'ENTRADA', '2025-12-23', 9.0);
INSERT INTO movimentacoes (id_lote, tipo_mov, data_mov, quantidade) VALUES (25, 'ENTRADA', '2025-12-23', 9.0);
INSERT INTO movimentacoes (id_lote, tipo_mov, data_mov, quantidade) VALUES (165, 'SAIDA', '2025-12-23', 12006.0);
INSERT INTO movimentacoes (id_lote, tipo_mov, data_mov, quantidade) VALUES (38, 'SAIDA', '2025-12-23', 9.0);
INSERT INTO movimentacoes (id_lote, tipo_mov, data_mov, quantidade) VALUES (33, 'SAIDA', '2025-12-23', 1.0);
INSERT INTO movimentacoes (id_lote, tipo_mov, data_mov, quantidade) VALUES (428, 'SAIDA', '2025-12-23', 2.0);
INSERT INTO movimentacoes (id_lote, tipo_mov, data_mov, quantidade) VALUES (499, 'SAIDA', '2025-12-23', 9.0);
INSERT INTO movimentacoes (id_lote, tipo_mov, data_mov, quantidade) VALUES (270, 'SAIDA', '2025-12-23', 14.0);
INSERT INTO movimentacoes (id_lote, tipo_mov, data_mov, quantidade) VALUES (136, 'SAIDA', '2025-12-23', 132.0);
INSERT INTO movimentacoes (id_lote, tipo_mov, data_mov, quantidade) VALUES (266, 'SAIDA', '2025-12-23', 5.0);
INSERT INTO movimentacoes (id_lote, tipo_mov, data_mov, quantidade) VALUES (60, 'SAIDA', '2025-12-23', 31.0);
INSERT INTO movimentacoes (id_lote, tipo_mov, data_mov, quantidade) VALUES (253, 'SAIDA', '2025-12-23', 2212262028.0);
INSERT INTO movimentacoes (id_lote, tipo_mov, data_mov, quantidade) VALUES (120, 'SAIDA', '2025-12-23', 27.0);
INSERT INTO movimentacoes (id_lote, tipo_mov, data_mov, quantidade) VALUES (165, 'SAIDA', '2025-12-23', 12006.0);
INSERT INTO movimentacoes (id_lote, tipo_mov, data_mov, quantidade) VALUES (512, 'SAIDA', '2025-12-23', 16.0);
INSERT INTO movimentacoes (id_lote, tipo_mov, data_mov, quantidade) VALUES (60, 'SAIDA', '2025-12-23', 31.0);
INSERT INTO movimentacoes (id_lote, tipo_mov, data_mov, quantidade) VALUES (515, 'SAIDA', '2025-12-23', 13191.0);
INSERT INTO movimentacoes (id_lote, tipo_mov, data_mov, quantidade) VALUES (136, 'ENTRADA', '2025-12-23', 24.0);
INSERT INTO movimentacoes (id_lote, tipo_mov, data_mov, quantidade) VALUES (60, 'SAIDA', '2025-12-23', 31.0);
INSERT INTO movimentacoes (id_lote, tipo_mov, data_mov, quantidade) VALUES (120, 'SAIDA', '2025-12-23', 27.0);
INSERT INTO movimentacoes (id_lote, tipo_mov, data_mov, quantidade) VALUES (120, 'SAIDA', '2025-12-23', 27.0);
INSERT INTO movimentacoes (id_lote, tipo_mov, data_mov, quantidade) VALUES (363, 'SAIDA', '2025-12-23', 5.0);
INSERT INTO movimentacoes (id_lote, tipo_mov, data_mov, quantidade) VALUES (349, 'SAIDA', '2025-12-23', 5.0);
INSERT INTO movimentacoes (id_lote, tipo_mov, data_mov, quantidade) VALUES (186, 'SAIDA', '2025-12-23', 31.0);
INSERT INTO movimentacoes (id_lote, tipo_mov, data_mov, quantidade) VALUES (204, 'SAIDA', '2025-12-23', 2220.0);
INSERT INTO movimentacoes (id_lote, tipo_mov, data_mov, quantidade) VALUES (245, 'SAIDA', '2025-12-23', 29.0);
INSERT INTO movimentacoes (id_lote, tipo_mov, data_mov, quantidade) VALUES (165, 'SAIDA', '2025-12-23', 12006.0);
INSERT INTO movimentacoes (id_lote, tipo_mov, data_mov, quantidade) VALUES (196, 'SAIDA', '2025-12-23', 50.0);
INSERT INTO movimentacoes (id_lote, tipo_mov, data_mov, quantidade) VALUES (104, 'SAIDA', '2025-12-23', 30.0);
INSERT INTO movimentacoes (id_lote, tipo_mov, data_mov, quantidade) VALUES (165, 'SAIDA', '2025-12-23', 12006.0);
INSERT INTO movimentacoes (id_lote, tipo_mov, data_mov, quantidade) VALUES (186, 'SAIDA', '2025-12-23', 29.0);
INSERT INTO movimentacoes (id_lote, tipo_mov, data_mov, quantidade) VALUES (458, 'SAIDA', '2025-12-23', 31.0);
INSERT INTO movimentacoes (id_lote, tipo_mov, data_mov, quantidade) VALUES (349, 'SAIDA', '2025-12-23', 5.0);
INSERT INTO movimentacoes (id_lote, tipo_mov, data_mov, quantidade) VALUES (253, 'SAIDA', '2025-12-23', 22122662028.0);
INSERT INTO movimentacoes (id_lote, tipo_mov, data_mov, quantidade) VALUES (186, 'SAIDA', '2025-12-23', 31.0);
INSERT INTO movimentacoes (id_lote, tipo_mov, data_mov, quantidade) VALUES (245, 'SAIDA', '2025-12-23', 29.0);
INSERT INTO movimentacoes (id_lote, tipo_mov, data_mov, quantidade) VALUES (372, 'ENTRADA', '2025-12-23', 22.0);
INSERT INTO movimentacoes (id_lote, tipo_mov, data_mov, quantidade) VALUES (118, 'SAIDA', '2025-12-23', 2277.0);
INSERT INTO movimentacoes (id_lote, tipo_mov, data_mov, quantidade) VALUES (120, 'SAIDA', '2025-12-23', 27.0);
INSERT INTO movimentacoes (id_lote, tipo_mov, data_mov, quantidade) VALUES (165, 'SAIDA', '2025-12-23', 12006.0);
INSERT INTO movimentacoes (id_lote, tipo_mov, data_mov, quantidade) VALUES (520, 'SAIDA', '2025-12-23', 31.0);
INSERT INTO movimentacoes (id_lote, tipo_mov, data_mov, quantidade) VALUES (531, 'SAIDA', '2025-12-23', 10.0);
INSERT INTO movimentacoes (id_lote, tipo_mov, data_mov, quantidade) VALUES (458, 'SAIDA', '2025-12-23', 31.0);
INSERT INTO movimentacoes (id_lote, tipo_mov, data_mov, quantidade) VALUES (515, 'SAIDA', '2025-12-23', 13191.0);
INSERT INTO movimentacoes (id_lote, tipo_mov, data_mov, quantidade) VALUES (363, 'SAIDA', '2025-12-23', 5.0);
INSERT INTO movimentacoes (id_lote, tipo_mov, data_mov, quantidade) VALUES (349, 'SAIDA', '2025-12-23', 5.0);
INSERT INTO movimentacoes (id_lote, tipo_mov, data_mov, quantidade) VALUES (9, 'SAIDA', '2025-12-23', 6.86);
INSERT INTO movimentacoes (id_lote, tipo_mov, data_mov, quantidade) VALUES (165, 'SAIDA', '2025-12-23', 12006.0);
INSERT INTO movimentacoes (id_lote, tipo_mov, data_mov, quantidade) VALUES (60, 'SAIDA', '2025-12-23', 31.0);
INSERT INTO movimentacoes (id_lote, tipo_mov, data_mov, quantidade) VALUES (458, 'SAIDA', '2025-12-23', 31.0);
INSERT INTO movimentacoes (id_lote, tipo_mov, data_mov, quantidade) VALUES (118, 'ENTRADA', '2025-12-23', 3055.0);
INSERT INTO movimentacoes (id_lote, tipo_mov, data_mov, quantidade) VALUES (428, 'ENTRADA', '2025-12-23', 3065.0);
INSERT INTO movimentacoes (id_lote, tipo_mov, data_mov, quantidade) VALUES (428, 'SAIDA', '2025-12-23', 3065.0);
INSERT INTO movimentacoes (id_lote, tipo_mov, data_mov, quantidade) VALUES (284, 'ENTRADA', '2025-12-23', 30.0);
INSERT INTO movimentacoes (id_lote, tipo_mov, data_mov, quantidade) VALUES (532, 'ENTRADA', '2025-12-23', 126440.0);
INSERT INTO movimentacoes (id_lote, tipo_mov, data_mov, quantidade) VALUES (33, 'SAIDA', '2025-12-23', 1.0);
INSERT INTO movimentacoes (id_lote, tipo_mov, data_mov, quantidade) VALUES (512, 'SAIDA', '2025-12-23', 16.0);
INSERT INTO movimentacoes (id_lote, tipo_mov, data_mov, quantidade) VALUES (376, 'ENTRADA', '2025-12-23', 2122800.0);
INSERT INTO movimentacoes (id_lote, tipo_mov, data_mov, quantidade) VALUES (376, 'SAIDA', '2025-12-23', 2122800.0);
INSERT INTO movimentacoes (id_lote, tipo_mov, data_mov, quantidade) VALUES (520, 'SAIDA', '2025-12-23', 31.0);
INSERT INTO movimentacoes (id_lote, tipo_mov, data_mov, quantidade) VALUES (411, 'SAIDA', '2025-12-23', 31.0);
INSERT INTO movimentacoes (id_lote, tipo_mov, data_mov, quantidade) VALUES (165, 'SAIDA', '2025-12-23', 12006.0);
INSERT INTO movimentacoes (id_lote, tipo_mov, data_mov, quantidade) VALUES (542, 'SAIDA', '2025-12-23', 3.0);
INSERT INTO movimentacoes (id_lote, tipo_mov, data_mov, quantidade) VALUES (121, 'ENTRADA', '2025-12-23', 5.0);
INSERT INTO movimentacoes (id_lote, tipo_mov, data_mov, quantidade) VALUES (121, 'SAIDA', '2025-12-23', 5.0);
INSERT INTO movimentacoes (id_lote, tipo_mov, data_mov, quantidade) VALUES (165, 'SAIDA', '2025-12-23', 12006.0);
INSERT INTO movimentacoes (id_lote, tipo_mov, data_mov, quantidade) VALUES (339, 'SAIDA', '2025-12-23', 1.0);
INSERT INTO movimentacoes (id_lote, tipo_mov, data_mov, quantidade) VALUES (338, 'ENTRADA', '2025-12-23', 10.0);
INSERT INTO movimentacoes (id_lote, tipo_mov, data_mov, quantidade) VALUES (458, 'SAIDA', '2025-12-23', 31.0);
INSERT INTO movimentacoes (id_lote, tipo_mov, data_mov, quantidade) VALUES (515, 'SAIDA', '2025-12-23', 13191.0);
INSERT INTO movimentacoes (id_lote, tipo_mov, data_mov, quantidade) VALUES (45, 'SAIDA', '2025-12-23', 3.0);
INSERT INTO movimentacoes (id_lote, tipo_mov, data_mov, quantidade) VALUES (136, 'SAIDA', '2025-12-23', 24.0);
INSERT INTO movimentacoes (id_lote, tipo_mov, data_mov, quantidade) VALUES (60, 'SAIDA', '2025-12-23', 31.0);
INSERT INTO movimentacoes (id_lote, tipo_mov, data_mov, quantidade) VALUES (499, 'SAIDA', '2025-12-23', 9.0);
INSERT INTO movimentacoes (id_lote, tipo_mov, data_mov, quantidade) VALUES (165, 'SAIDA', '2025-12-23', 12006.0);
INSERT INTO movimentacoes (id_lote, tipo_mov, data_mov, quantidade) VALUES (121, 'SAIDA', '2025-12-23', 5.0);
INSERT INTO movimentacoes (id_lote, tipo_mov, data_mov, quantidade) VALUES (458, 'SAIDA', '2025-12-23', 31.0);
INSERT INTO movimentacoes (id_lote, tipo_mov, data_mov, quantidade) VALUES (336, 'ENTRADA', '2025-12-23', 30.0);
INSERT INTO movimentacoes (id_lote, tipo_mov, data_mov, quantidade) VALUES (515, 'ENTRADA', '2025-12-23', 14281.0);
INSERT INTO movimentacoes (id_lote, tipo_mov, data_mov, quantidade) VALUES (33, 'SAIDA', '2025-12-23', 1.0);
INSERT INTO movimentacoes (id_lote, tipo_mov, data_mov, quantidade) VALUES (121, 'SAIDA', '2025-12-23', 5.0);
INSERT INTO movimentacoes (id_lote, tipo_mov, data_mov, quantidade) VALUES (479, 'SAIDA', '2025-12-23', 7.0);
INSERT INTO movimentacoes (id_lote, tipo_mov, data_mov, quantidade) VALUES (165, 'SAIDA', '2025-12-23', 12006.0);
INSERT INTO movimentacoes (id_lote, tipo_mov, data_mov, quantidade) VALUES (520, 'SAIDA', '2025-12-23', 31.0);
INSERT INTO movimentacoes (id_lote, tipo_mov, data_mov, quantidade) VALUES (430, 'SAIDA', '2025-12-23', 1.0);
INSERT INTO movimentacoes (id_lote, tipo_mov, data_mov, quantidade) VALUES (60, 'SAIDA', '2025-12-23', 31.0);
INSERT INTO movimentacoes (id_lote, tipo_mov, data_mov, quantidade) VALUES (245, 'SAIDA', '2025-12-23', 29.0);
INSERT INTO movimentacoes (id_lote, tipo_mov, data_mov, quantidade) VALUES (515, 'SAIDA', '2025-12-23', 13191.0);
INSERT INTO movimentacoes (id_lote, tipo_mov, data_mov, quantidade) VALUES (261, 'ENTRADA', '2025-12-23', 15.0);
INSERT INTO movimentacoes (id_lote, tipo_mov, data_mov, quantidade) VALUES (186, 'SAIDA', '2025-12-23', 29.0);
INSERT INTO movimentacoes (id_lote, tipo_mov, data_mov, quantidade) VALUES (349, 'SAIDA', '2025-12-23', 5.0);
INSERT INTO movimentacoes (id_lote, tipo_mov, data_mov, quantidade) VALUES (110, 'ENTRADA', '2025-12-23', 23.0);
INSERT INTO movimentacoes (id_lote, tipo_mov, data_mov, quantidade) VALUES (430, 'ENTRADA', '2025-12-23', 1.0);
INSERT INTO movimentacoes (id_lote, tipo_mov, data_mov, quantidade) VALUES (308, 'ENTRADA', '2025-12-23', 100.0);
INSERT INTO movimentacoes (id_lote, tipo_mov, data_mov, quantidade) VALUES (357, 'SAIDA', '2025-12-23', 595.0);
INSERT INTO movimentacoes (id_lote, tipo_mov, data_mov, quantidade) VALUES (121, 'SAIDA', '2025-12-23', 5.0);
INSERT INTO movimentacoes (id_lote, tipo_mov, data_mov, quantidade) VALUES (284, 'SAIDA', '2025-12-23', 30.0);
INSERT INTO movimentacoes (id_lote, tipo_mov, data_mov, quantidade) VALUES (499, 'SAIDA', '2025-12-23', 9.0);
INSERT INTO movimentacoes (id_lote, tipo_mov, data_mov, quantidade) VALUES (165, 'SAIDA', '2025-12-23', 12006.0);
INSERT INTO movimentacoes (id_lote, tipo_mov, data_mov, quantidade) VALUES (520, 'SAIDA', '2025-12-23', 31.0);
INSERT INTO movimentacoes (id_lote, tipo_mov, data_mov, quantidade) VALUES (33, 'SAIDA', '2025-12-23', 1.0);
INSERT INTO movimentacoes (id_lote, tipo_mov, data_mov, quantidade) VALUES (60, 'SAIDA', '2025-12-23', 31.0);
INSERT INTO movimentacoes (id_lote, tipo_mov, data_mov, quantidade) VALUES (402, 'SAIDA', '2025-12-23', 31.0);
INSERT INTO movimentacoes (id_lote, tipo_mov, data_mov, quantidade) VALUES (186, 'SAIDA', '2025-12-23', 31.0);
INSERT INTO movimentacoes (id_lote, tipo_mov, data_mov, quantidade) VALUES (309, 'SAIDA', '2025-12-23', 1.0);
INSERT INTO movimentacoes (id_lote, tipo_mov, data_mov, quantidade) VALUES (61, 'SAIDA', '2025-12-23', 31.0);
INSERT INTO movimentacoes (id_lote, tipo_mov, data_mov, quantidade) VALUES (121, 'SAIDA', '2025-12-23', 5.0);
INSERT INTO movimentacoes (id_lote, tipo_mov, data_mov, quantidade) VALUES (349, 'SAIDA', '2025-12-23', 5.0);
INSERT INTO movimentacoes (id_lote, tipo_mov, data_mov, quantidade) VALUES (475, 'SAIDA', '2025-12-23', 1.0);
INSERT INTO movimentacoes (id_lote, tipo_mov, data_mov, quantidade) VALUES (430, 'SAIDA', '2025-12-23', 1.0);
INSERT INTO movimentacoes (id_lote, tipo_mov, data_mov, quantidade) VALUES (60, 'SAIDA', '2025-12-23', 31.0);
INSERT INTO movimentacoes (id_lote, tipo_mov, data_mov, quantidade) VALUES (499, 'SAIDA', '2025-12-23', 9.0);
INSERT INTO movimentacoes (id_lote, tipo_mov, data_mov, quantidade) VALUES (121, 'SAIDA', '2025-12-23', 5.0);
INSERT INTO movimentacoes (id_lote, tipo_mov, data_mov, quantidade) VALUES (522, 'SAIDA', '2025-12-23', 12006.0);
INSERT INTO movimentacoes (id_lote, tipo_mov, data_mov, quantidade) VALUES (38, 'SAIDA', '2025-12-23', 9.0);
INSERT INTO movimentacoes (id_lote, tipo_mov, data_mov, quantidade) VALUES (531, 'SAIDA', '2025-12-23', 10.0);
INSERT INTO movimentacoes (id_lote, tipo_mov, data_mov, quantidade) VALUES (60, 'SAIDA', '2025-12-23', 31.0);
INSERT INTO movimentacoes (id_lote, tipo_mov, data_mov, quantidade) VALUES (458, 'SAIDA', '2025-12-23', 31.0);
INSERT INTO movimentacoes (id_lote, tipo_mov, data_mov, quantidade) VALUES (81, 'ENTRADA', '2025-12-23', 1.0);
INSERT INTO movimentacoes (id_lote, tipo_mov, data_mov, quantidade) VALUES (55, 'SAIDA', '2025-12-23', 14.12);
INSERT INTO movimentacoes (id_lote, tipo_mov, data_mov, quantidade) VALUES (349, 'SAIDA', '2025-12-23', 5.0);
INSERT INTO movimentacoes (id_lote, tipo_mov, data_mov, quantidade) VALUES (285, 'ENTRADA', '2025-12-23', 29.0);
INSERT INTO movimentacoes (id_lote, tipo_mov, data_mov, quantidade) VALUES (499, 'SAIDA', '2025-12-23', 9.0);
INSERT INTO movimentacoes (id_lote, tipo_mov, data_mov, quantidade) VALUES (121, 'SAIDA', '2025-12-23', 5.0);
INSERT INTO movimentacoes (id_lote, tipo_mov, data_mov, quantidade) VALUES (60, 'SAIDA', '2025-12-23', 31.0);
INSERT INTO movimentacoes (id_lote, tipo_mov, data_mov, quantidade) VALUES (478, 'SAIDA', '2025-12-23', 102277.0);
INSERT INTO movimentacoes (id_lote, tipo_mov, data_mov, quantidade) VALUES (458, 'SAIDA', '2025-12-23', 31.0);
INSERT INTO movimentacoes (id_lote, tipo_mov, data_mov, quantidade) VALUES (15, 'ENTRADA', '2025-12-23', 1.0);
INSERT INTO movimentacoes (id_lote, tipo_mov, data_mov, quantidade) VALUES (16, 'ENTRADA', '2025-12-23', 1.0);
INSERT INTO movimentacoes (id_lote, tipo_mov, data_mov, quantidade) VALUES (308, 'SAIDA', '2025-12-23', 100.0);
INSERT INTO movimentacoes (id_lote, tipo_mov, data_mov, quantidade) VALUES (121, 'SAIDA', '2025-12-23', 5.0);
INSERT INTO movimentacoes (id_lote, tipo_mov, data_mov, quantidade) VALUES (428, 'SAIDA', '2025-12-23', 3065.0);
INSERT INTO movimentacoes (id_lote, tipo_mov, data_mov, quantidade) VALUES (136, 'SAIDA', '2025-12-23', 24.0);
INSERT INTO movimentacoes (id_lote, tipo_mov, data_mov, quantidade) VALUES (520, 'SAIDA', '2025-12-23', 31.0);
INSERT INTO movimentacoes (id_lote, tipo_mov, data_mov, quantidade) VALUES (78, 'SAIDA', '2025-12-23', 8.0);
INSERT INTO movimentacoes (id_lote, tipo_mov, data_mov, quantidade) VALUES (186, 'SAIDA', '2025-12-23', 29.0);
INSERT INTO movimentacoes (id_lote, tipo_mov, data_mov, quantidade) VALUES (406, 'SAIDA', '2025-12-23', 31.0);
INSERT INTO movimentacoes (id_lote, tipo_mov, data_mov, quantidade) VALUES (192, 'SAIDA', '2025-12-23', 4.01);
INSERT INTO movimentacoes (id_lote, tipo_mov, data_mov, quantidade) VALUES (357, 'SAIDA', '2025-12-23', 1109.0);
INSERT INTO movimentacoes (id_lote, tipo_mov, data_mov, quantidade) VALUES (520, 'SAIDA', '2025-12-23', 31.0);
INSERT INTO movimentacoes (id_lote, tipo_mov, data_mov, quantidade) VALUES (515, 'SAIDA', '2025-12-23', 13191.0);
INSERT INTO movimentacoes (id_lote, tipo_mov, data_mov, quantidade) VALUES (92, 'SAIDA', '2025-12-23', 31.0);
INSERT INTO movimentacoes (id_lote, tipo_mov, data_mov, quantidade) VALUES (487, 'ENTRADA', '2025-12-23', 33.0);
INSERT INTO movimentacoes (id_lote, tipo_mov, data_mov, quantidade) VALUES (103, 'ENTRADA', '2025-12-23', 132.0);
INSERT INTO movimentacoes (id_lote, tipo_mov, data_mov, quantidade) VALUES (377, 'ENTRADA', '2025-12-23', 299417.0);
INSERT INTO movimentacoes (id_lote, tipo_mov, data_mov, quantidade) VALUES (333, 'ENTRADA', '2025-12-23', 22.0);
INSERT INTO movimentacoes (id_lote, tipo_mov, data_mov, quantidade) VALUES (499, 'SAIDA', '2025-12-23', 9.0);
INSERT INTO movimentacoes (id_lote, tipo_mov, data_mov, quantidade) VALUES (254, 'ENTRADA', '2025-12-23', 2308151396.0);
INSERT INTO movimentacoes (id_lote, tipo_mov, data_mov, quantidade) VALUES (60, 'SAIDA', '2025-12-23', 31.0);
INSERT INTO movimentacoes (id_lote, tipo_mov, data_mov, quantidade) VALUES (459, 'SAIDA', '2025-12-23', 31.0);
INSERT INTO movimentacoes (id_lote, tipo_mov, data_mov, quantidade) VALUES (359, 'SAIDA', '2025-12-23', 545.0);
INSERT INTO movimentacoes (id_lote, tipo_mov, data_mov, quantidade) VALUES (430, 'SAIDA', '2025-12-23', 1.0);
INSERT INTO movimentacoes (id_lote, tipo_mov, data_mov, quantidade) VALUES (349, 'SAIDA', '2025-12-23', 2.0);
INSERT INTO movimentacoes (id_lote, tipo_mov, data_mov, quantidade) VALUES (122, 'ENTRADA', '2025-12-23', 28.0);
INSERT INTO movimentacoes (id_lote, tipo_mov, data_mov, quantidade) VALUES (375, 'ENTRADA', '2025-12-23', 29.0);
INSERT INTO movimentacoes (id_lote, tipo_mov, data_mov, quantidade) VALUES (374, 'ENTRADA', '2025-12-23', 228.0);
INSERT INTO movimentacoes (id_lote, tipo_mov, data_mov, quantidade) VALUES (323, 'ENTRADA', '2025-12-23', 29.0);
INSERT INTO movimentacoes (id_lote, tipo_mov, data_mov, quantidade) VALUES (325, 'ENTRADA', '2025-12-23', 100.0);
INSERT INTO movimentacoes (id_lote, tipo_mov, data_mov, quantidade) VALUES (432, 'ENTRADA', '2025-12-23', 3115.0);
INSERT INTO movimentacoes (id_lote, tipo_mov, data_mov, quantidade) VALUES (136, 'ENTRADA', '2025-12-23', 3019.0);
INSERT INTO movimentacoes (id_lote, tipo_mov, data_mov, quantidade) VALUES (136, 'ENTRADA', '2025-12-23', 3102.0);
INSERT INTO movimentacoes (id_lote, tipo_mov, data_mov, quantidade) VALUES (490, 'SAIDA', '2025-12-23', 2.0);
INSERT INTO movimentacoes (id_lote, tipo_mov, data_mov, quantidade) VALUES (65, 'ENTRADA', '2025-12-23', 2302220939.0);
INSERT INTO movimentacoes (id_lote, tipo_mov, data_mov, quantidade) VALUES (122, 'SAIDA', '2025-12-23', 31.0);
INSERT INTO movimentacoes (id_lote, tipo_mov, data_mov, quantidade) VALUES (122, 'SAIDA', '2025-12-23', 31.0);
INSERT INTO movimentacoes (id_lote, tipo_mov, data_mov, quantidade) VALUES (186, 'SAIDA', '2025-12-23', 29.0);
INSERT INTO movimentacoes (id_lote, tipo_mov, data_mov, quantidade) VALUES (478, 'SAIDA', '2025-12-23', 102277.0);
INSERT INTO movimentacoes (id_lote, tipo_mov, data_mov, quantidade) VALUES (406, 'SAIDA', '2025-12-23', 31.0);
INSERT INTO movimentacoes (id_lote, tipo_mov, data_mov, quantidade) VALUES (515, 'SAIDA', '2025-12-23', 14281.0);
INSERT INTO movimentacoes (id_lote, tipo_mov, data_mov, quantidade) VALUES (542, 'SAIDA', '2025-12-23', 16.0);
INSERT INTO movimentacoes (id_lote, tipo_mov, data_mov, quantidade) VALUES (520, 'SAIDA', '2025-12-23', 31.0);
INSERT INTO movimentacoes (id_lote, tipo_mov, data_mov, quantidade) VALUES (531, 'SAIDA', '2025-12-23', 10.0);
INSERT INTO movimentacoes (id_lote, tipo_mov, data_mov, quantidade) VALUES (459, 'SAIDA', '2025-12-23', 31.0);
INSERT INTO movimentacoes (id_lote, tipo_mov, data_mov, quantidade) VALUES (65, 'SAIDA', '2025-12-23', 2302220939.0);
INSERT INTO movimentacoes (id_lote, tipo_mov, data_mov, quantidade) VALUES (499, 'SAIDA', '2025-12-23', 9.0);
INSERT INTO movimentacoes (id_lote, tipo_mov, data_mov, quantidade) VALUES (27, 'SAIDA', '2025-12-23', 37.0);
INSERT INTO movimentacoes (id_lote, tipo_mov, data_mov, quantidade) VALUES (122, 'SAIDA', '2025-12-23', 28.0);
INSERT INTO movimentacoes (id_lote, tipo_mov, data_mov, quantidade) VALUES (186, 'SAIDA', '2025-12-23', 29.0);
INSERT INTO movimentacoes (id_lote, tipo_mov, data_mov, quantidade) VALUES (478, 'SAIDA', '2025-12-23', 102277.0);
INSERT INTO movimentacoes (id_lote, tipo_mov, data_mov, quantidade) VALUES (45, 'SAIDA', '2025-12-23', 3.0);
INSERT INTO movimentacoes (id_lote, tipo_mov, data_mov, quantidade) VALUES (515, 'SAIDA', '2025-12-23', 13191.0);
INSERT INTO movimentacoes (id_lote, tipo_mov, data_mov, quantidade) VALUES (27, 'SAIDA', '2025-12-23', 37.0);
INSERT INTO movimentacoes (id_lote, tipo_mov, data_mov, quantidade) VALUES (285, 'SAIDA', '2025-12-23', 29.0);
INSERT INTO movimentacoes (id_lote, tipo_mov, data_mov, quantidade) VALUES (519, 'ENTRADA', '2025-12-23', 8.0);
INSERT INTO movimentacoes (id_lote, tipo_mov, data_mov, quantidade) VALUES (499, 'SAIDA', '2025-12-23', 9.0);
INSERT INTO movimentacoes (id_lote, tipo_mov, data_mov, quantidade) VALUES (520, 'SAIDA', '2025-12-23', 31.0);
INSERT INTO movimentacoes (id_lote, tipo_mov, data_mov, quantidade) VALUES (478, 'SAIDA', '2025-12-23', 102272.0);
INSERT INTO movimentacoes (id_lote, tipo_mov, data_mov, quantidade) VALUES (515, 'SAIDA', '2025-12-23', 13191.0);
INSERT INTO movimentacoes (id_lote, tipo_mov, data_mov, quantidade) VALUES (122, 'SAIDA', '2025-12-23', 28.0);
INSERT INTO movimentacoes (id_lote, tipo_mov, data_mov, quantidade) VALUES (402, 'SAIDA', '2025-12-23', 31.0);
INSERT INTO movimentacoes (id_lote, tipo_mov, data_mov, quantidade) VALUES (136, 'SAIDA', '2025-12-23', 3019.0);
INSERT INTO movimentacoes (id_lote, tipo_mov, data_mov, quantidade) VALUES (499, 'SAIDA', '2025-12-23', 9.0);
INSERT INTO movimentacoes (id_lote, tipo_mov, data_mov, quantidade) VALUES (459, 'SAIDA', '2025-12-23', 31.0);
INSERT INTO movimentacoes (id_lote, tipo_mov, data_mov, quantidade) VALUES (65, 'SAIDA', '2025-12-23', 2302220939.0);
INSERT INTO movimentacoes (id_lote, tipo_mov, data_mov, quantidade) VALUES (478, 'SAIDA', '2025-12-23', 102277.0);
INSERT INTO movimentacoes (id_lote, tipo_mov, data_mov, quantidade) VALUES (61, 'SAIDA', '2025-12-23', 31.0);
INSERT INTO movimentacoes (id_lote, tipo_mov, data_mov, quantidade) VALUES (402, 'SAIDA', '2025-12-23', 31.0);
INSERT INTO movimentacoes (id_lote, tipo_mov, data_mov, quantidade) VALUES (196, 'SAIDA', '2025-12-23', 50.0);
INSERT INTO movimentacoes (id_lote, tipo_mov, data_mov, quantidade) VALUES (432, 'SAIDA', '2025-12-23', 3115.0);
INSERT INTO movimentacoes (id_lote, tipo_mov, data_mov, quantidade) VALUES (349, 'ENTRADA', '2025-12-23', 5.0);
INSERT INTO movimentacoes (id_lote, tipo_mov, data_mov, quantidade) VALUES (349, 'SAIDA', '2025-12-23', 5.0);
INSERT INTO movimentacoes (id_lote, tipo_mov, data_mov, quantidade) VALUES (432, 'SAIDA', '2025-12-23', 3115.0);
INSERT INTO movimentacoes (id_lote, tipo_mov, data_mov, quantidade) VALUES (363, 'SAIDA', '2025-12-23', 5.0);
INSERT INTO movimentacoes (id_lote, tipo_mov, data_mov, quantidade) VALUES (286, 'ENTRADA', '2025-12-23', 29.0);
INSERT INTO movimentacoes (id_lote, tipo_mov, data_mov, quantidade) VALUES (122, 'SAIDA', '2025-12-23', 28.0);
INSERT INTO movimentacoes (id_lote, tipo_mov, data_mov, quantidade) VALUES (499, 'SAIDA', '2025-12-23', 9.0);
INSERT INTO movimentacoes (id_lote, tipo_mov, data_mov, quantidade) VALUES (478, 'SAIDA', '2025-12-23', 102272.0);
INSERT INTO movimentacoes (id_lote, tipo_mov, data_mov, quantidade) VALUES (459, 'SAIDA', '2025-12-23', 31.0);
INSERT INTO movimentacoes (id_lote, tipo_mov, data_mov, quantidade) VALUES (464, 'SAIDA', '2025-12-23', 30.0);
INSERT INTO movimentacoes (id_lote, tipo_mov, data_mov, quantidade) VALUES (65, 'SAIDA', '2025-12-23', 2302220939.0);
INSERT INTO movimentacoes (id_lote, tipo_mov, data_mov, quantidade) VALUES (165, 'SAIDA', '2025-12-23', 12006.0);
INSERT INTO movimentacoes (id_lote, tipo_mov, data_mov, quantidade) VALUES (254, 'SAIDA', '2025-12-23', 2308151396.0);
INSERT INTO movimentacoes (id_lote, tipo_mov, data_mov, quantidade) VALUES (499, 'SAIDA', '2025-12-23', 9.0);
INSERT INTO movimentacoes (id_lote, tipo_mov, data_mov, quantidade) VALUES (165, 'SAIDA', '2025-12-23', 12006.0);
INSERT INTO movimentacoes (id_lote, tipo_mov, data_mov, quantidade) VALUES (122, 'SAIDA', '2025-12-23', 28.0);
INSERT INTO movimentacoes (id_lote, tipo_mov, data_mov, quantidade) VALUES (515, 'SAIDA', '2025-12-23', 13191.0);
INSERT INTO movimentacoes (id_lote, tipo_mov, data_mov, quantidade) VALUES (464, 'SAIDA', '2025-12-23', 30.0);
INSERT INTO movimentacoes (id_lote, tipo_mov, data_mov, quantidade) VALUES (515, 'SAIDA', '2025-12-23', 14281.0);
INSERT INTO movimentacoes (id_lote, tipo_mov, data_mov, quantidade) VALUES (65, 'SAIDA', '2025-12-23', 23022220939.0);
INSERT INTO movimentacoes (id_lote, tipo_mov, data_mov, quantidade) VALUES (123, 'ENTRADA', '2025-12-23', 9.0);
INSERT INTO movimentacoes (id_lote, tipo_mov, data_mov, quantidade) VALUES (499, 'SAIDA', '2025-12-23', 9.0);
INSERT INTO movimentacoes (id_lote, tipo_mov, data_mov, quantidade) VALUES (285, 'ENTRADA', '2025-12-23', 29.0);
INSERT INTO movimentacoes (id_lote, tipo_mov, data_mov, quantidade) VALUES (285, 'SAIDA', '2025-12-23', 29.0);
INSERT INTO movimentacoes (id_lote, tipo_mov, data_mov, quantidade) VALUES (362, 'ENTRADA', '2025-12-23', 1.0);
INSERT INTO movimentacoes (id_lote, tipo_mov, data_mov, quantidade) VALUES (349, 'ENTRADA', '2025-12-23', 5.0);
INSERT INTO movimentacoes (id_lote, tipo_mov, data_mov, quantidade) VALUES (349, 'ENTRADA', '2025-12-23', 7.0);
INSERT INTO movimentacoes (id_lote, tipo_mov, data_mov, quantidade) VALUES (286, 'ENTRADA', '2025-12-23', 29.0);
INSERT INTO movimentacoes (id_lote, tipo_mov, data_mov, quantidade) VALUES (363, 'ENTRADA', '2025-12-23', 5.0);
INSERT INTO movimentacoes (id_lote, tipo_mov, data_mov, quantidade) VALUES (194, 'ENTRADA', '2025-12-23', 4.01);
INSERT INTO movimentacoes (id_lote, tipo_mov, data_mov, quantidade) VALUES (10, 'ENTRADA', '2025-12-23', 6.86);
INSERT INTO movimentacoes (id_lote, tipo_mov, data_mov, quantidade) VALUES (431, 'ENTRADA', '2025-12-23', 1.0);
INSERT INTO movimentacoes (id_lote, tipo_mov, data_mov, quantidade) VALUES (324, 'SAIDA', '2025-12-23', 55.0);
INSERT INTO movimentacoes (id_lote, tipo_mov, data_mov, quantidade) VALUES (402, 'SAIDA', '2025-12-23', 30.0);
INSERT INTO movimentacoes (id_lote, tipo_mov, data_mov, quantidade) VALUES (165, 'SAIDA', '2025-12-23', 12006.0);
INSERT INTO movimentacoes (id_lote, tipo_mov, data_mov, quantidade) VALUES (527, 'SAIDA', '2025-12-23', 9.0);
INSERT INTO movimentacoes (id_lote, tipo_mov, data_mov, quantidade) VALUES (426, 'SAIDA', '2025-12-23', 2.0);
INSERT INTO movimentacoes (id_lote, tipo_mov, data_mov, quantidade) VALUES (432, 'SAIDA', '2025-12-23', 1.0);
INSERT INTO movimentacoes (id_lote, tipo_mov, data_mov, quantidade) VALUES (46, 'SAIDA', '2025-12-23', 3.0);
INSERT INTO movimentacoes (id_lote, tipo_mov, data_mov, quantidade) VALUES (311, 'SAIDA', '2025-12-23', 2.0);
INSERT INTO movimentacoes (id_lote, tipo_mov, data_mov, quantidade) VALUES (136, 'SAIDA', '2025-12-23', 24.0);
INSERT INTO movimentacoes (id_lote, tipo_mov, data_mov, quantidade) VALUES (316, 'SAIDA', '2025-12-23', 29.0);
INSERT INTO movimentacoes (id_lote, tipo_mov, data_mov, quantidade) VALUES (542, 'SAIDA', '2025-12-23', 16.0);
INSERT INTO movimentacoes (id_lote, tipo_mov, data_mov, quantidade) VALUES (238, 'SAIDA', '2025-12-23', 30.0);
INSERT INTO movimentacoes (id_lote, tipo_mov, data_mov, quantidade) VALUES (192, 'SAIDA', '2025-12-23', 4.01);
INSERT INTO movimentacoes (id_lote, tipo_mov, data_mov, quantidade) VALUES (9, 'SAIDA', '2025-12-23', 6.86);
INSERT INTO movimentacoes (id_lote, tipo_mov, data_mov, quantidade) VALUES (165, 'SAIDA', '2025-12-23', 12006.0);
INSERT INTO movimentacoes (id_lote, tipo_mov, data_mov, quantidade) VALUES (530, 'SAIDA', '2025-12-23', 48800051222.0);
INSERT INTO movimentacoes (id_lote, tipo_mov, data_mov, quantidade) VALUES (357, 'SAIDA', '2025-12-23', 299417.0);
INSERT INTO movimentacoes (id_lote, tipo_mov, data_mov, quantidade) VALUES (519, 'SAIDA', '2025-12-23', 8.0);
INSERT INTO movimentacoes (id_lote, tipo_mov, data_mov, quantidade) VALUES (165, 'SAIDA', '2025-12-23', 12006.0);
INSERT INTO movimentacoes (id_lote, tipo_mov, data_mov, quantidade) VALUES (349, 'SAIDA', '2025-12-23', 5.0);
INSERT INTO movimentacoes (id_lote, tipo_mov, data_mov, quantidade) VALUES (357, 'SAIDA', '2025-12-23', 2.0);
INSERT INTO movimentacoes (id_lote, tipo_mov, data_mov, quantidade) VALUES (306, 'ENTRADA', '2025-12-23', 221114546.0);
INSERT INTO movimentacoes (id_lote, tipo_mov, data_mov, quantidade) VALUES (111, 'ENTRADA', '2025-12-23', 200.0);
INSERT INTO movimentacoes (id_lote, tipo_mov, data_mov, quantidade) VALUES (307, 'ENTRADA', '2025-12-23', 500.0);
INSERT INTO movimentacoes (id_lote, tipo_mov, data_mov, quantidade) VALUES (222, 'ENTRADA', '2025-12-23', 25.0);
INSERT INTO movimentacoes (id_lote, tipo_mov, data_mov, quantidade) VALUES (317, 'ENTRADA', '2025-12-23', 2212001946.0);
INSERT INTO movimentacoes (id_lote, tipo_mov, data_mov, quantidade) VALUES (349, 'SAIDA', '2025-12-23', 5.0);
INSERT INTO movimentacoes (id_lote, tipo_mov, data_mov, quantidade) VALUES (255, 'ENTRADA', '2025-12-23', 2312192343.0);
INSERT INTO movimentacoes (id_lote, tipo_mov, data_mov, quantidade) VALUES (434, 'ENTRADA', '2025-12-23', 1.0);
INSERT INTO movimentacoes (id_lote, tipo_mov, data_mov, quantidade) VALUES (433, 'ENTRADA', '2025-12-23', 5.0);
INSERT INTO movimentacoes (id_lote, tipo_mov, data_mov, quantidade) VALUES (489, 'ENTRADA', '2025-12-23', 2644021.0);
INSERT INTO movimentacoes (id_lote, tipo_mov, data_mov, quantidade) VALUES (183, 'SAIDA', '2025-12-23', 2.0);
INSERT INTO movimentacoes (id_lote, tipo_mov, data_mov, quantidade) VALUES (171, 'ENTRADA', '2025-12-23', 26.0);
INSERT INTO movimentacoes (id_lote, tipo_mov, data_mov, quantidade) VALUES (185, 'ENTRADA', '2025-12-23', 266082.0);
INSERT INTO movimentacoes (id_lote, tipo_mov, data_mov, quantidade) VALUES (136, 'ENTRADA', '2025-12-23', 3198.0);
INSERT INTO movimentacoes (id_lote, tipo_mov, data_mov, quantidade) VALUES (287, 'ENTRADA', '2025-12-23', 30.0);
INSERT INTO movimentacoes (id_lote, tipo_mov, data_mov, quantidade) VALUES (46, 'ENTRADA', '2025-12-23', 3215.0);
INSERT INTO movimentacoes (id_lote, tipo_mov, data_mov, quantidade) VALUES (102, 'ENTRADA', '2025-12-23', 2.0);
INSERT INTO movimentacoes (id_lote, tipo_mov, data_mov, quantidade) VALUES (230, 'ENTRADA', '2025-12-23', 3.0);
INSERT INTO movimentacoes (id_lote, tipo_mov, data_mov, quantidade) VALUES (120, 'ENTRADA', '2025-12-23', 35.0);
INSERT INTO movimentacoes (id_lote, tipo_mov, data_mov, quantidade) VALUES (56, 'ENTRADA', '2025-12-23', 56414121123.0);
INSERT INTO movimentacoes (id_lote, tipo_mov, data_mov, quantidade) VALUES (85, 'ENTRADA', '2025-12-23', 18.5);
INSERT INTO movimentacoes (id_lote, tipo_mov, data_mov, quantidade) VALUES (107, 'ENTRADA', '2025-12-23', 23.0);
INSERT INTO movimentacoes (id_lote, tipo_mov, data_mov, quantidade) VALUES (17, 'ENTRADA', '2025-12-23', 5.0);
INSERT INTO movimentacoes (id_lote, tipo_mov, data_mov, quantidade) VALUES (18, 'ENTRADA', '2025-12-23', 1.0);
INSERT INTO movimentacoes (id_lote, tipo_mov, data_mov, quantidade) VALUES (40, 'ENTRADA', '2025-12-23', 10.0);
INSERT INTO movimentacoes (id_lote, tipo_mov, data_mov, quantidade) VALUES (420, 'ENTRADA', '2025-12-23', 32226.0);
INSERT INTO movimentacoes (id_lote, tipo_mov, data_mov, quantidade) VALUES (490, 'ENTRADA', '2025-12-23', 5.0);
INSERT INTO movimentacoes (id_lote, tipo_mov, data_mov, quantidade) VALUES (82, 'ENTRADA', '2025-12-23', 24.0);
INSERT INTO movimentacoes (id_lote, tipo_mov, data_mov, quantidade) VALUES (495, 'ENTRADA', '2025-12-23', 102279.0);
INSERT INTO movimentacoes (id_lote, tipo_mov, data_mov, quantidade) VALUES (336, 'ENTRADA', '2025-12-23', 31.0);
INSERT INTO movimentacoes (id_lote, tipo_mov, data_mov, quantidade) VALUES (274, 'ENTRADA', '2025-12-23', 14.0);
INSERT INTO movimentacoes (id_lote, tipo_mov, data_mov, quantidade) VALUES (480, 'ENTRADA', '2025-12-23', 31.0);
INSERT INTO movimentacoes (id_lote, tipo_mov, data_mov, quantidade) VALUES (408, 'ENTRADA', '2025-12-23', 31.0);
INSERT INTO movimentacoes (id_lote, tipo_mov, data_mov, quantidade) VALUES (96, 'ENTRADA', '2025-12-23', 14991.0);
INSERT INTO movimentacoes (id_lote, tipo_mov, data_mov, quantidade) VALUES (409, 'ENTRADA', '2025-12-23', 30.0);
INSERT INTO movimentacoes (id_lote, tipo_mov, data_mov, quantidade) VALUES (28, 'ENTRADA', '2025-12-23', 37.0);
INSERT INTO movimentacoes (id_lote, tipo_mov, data_mov, quantidade) VALUES (465, 'ENTRADA', '2025-12-23', 15119.0);
INSERT INTO movimentacoes (id_lote, tipo_mov, data_mov, quantidade) VALUES (533, 'ENTRADA', '2025-12-23', 2401160246.0);
INSERT INTO movimentacoes (id_lote, tipo_mov, data_mov, quantidade) VALUES (283, 'ENTRADA', '2025-12-23', 9100020518.0);
INSERT INTO movimentacoes (id_lote, tipo_mov, data_mov, quantidade) VALUES (363, 'SAIDA', '2025-12-23', 5.0);
INSERT INTO movimentacoes (id_lote, tipo_mov, data_mov, quantidade) VALUES (154, 'ENTRADA', '2025-12-23', 50298168.0);
INSERT INTO movimentacoes (id_lote, tipo_mov, data_mov, quantidade) VALUES (340, 'ENTRADA', '2025-12-23', 28.0);
INSERT INTO movimentacoes (id_lote, tipo_mov, data_mov, quantidade) VALUES (342, 'ENTRADA', '2025-12-23', 15.0);
INSERT INTO movimentacoes (id_lote, tipo_mov, data_mov, quantidade) VALUES (466, 'ENTRADA', '2025-12-23', 31.0);
INSERT INTO movimentacoes (id_lote, tipo_mov, data_mov, quantidade) VALUES (197, 'ENTRADA', '2025-12-23', 250.0);
INSERT INTO movimentacoes (id_lote, tipo_mov, data_mov, quantidade) VALUES (512, 'SAIDA', '2025-12-23', 16.0);
INSERT INTO movimentacoes (id_lote, tipo_mov, data_mov, quantidade) VALUES (182, 'SAIDA', '2025-12-23', 31.0);
INSERT INTO movimentacoes (id_lote, tipo_mov, data_mov, quantidade) VALUES (97, 'SAIDA', '2025-12-23', 2.0);
INSERT INTO movimentacoes (id_lote, tipo_mov, data_mov, quantidade) VALUES (337, 'SAIDA', '2025-12-23', 31.0);
INSERT INTO movimentacoes (id_lote, tipo_mov, data_mov, quantidade) VALUES (362, 'SAIDA', '2025-12-23', 1.0);
INSERT INTO movimentacoes (id_lote, tipo_mov, data_mov, quantidade) VALUES (349, 'SAIDA', '2025-12-23', 5.0);
INSERT INTO movimentacoes (id_lote, tipo_mov, data_mov, quantidade) VALUES (78, 'SAIDA', '2025-12-23', 8.0);
INSERT INTO movimentacoes (id_lote, tipo_mov, data_mov, quantidade) VALUES (475, 'SAIDA', '2025-12-23', 1.0);
INSERT INTO movimentacoes (id_lote, tipo_mov, data_mov, quantidade) VALUES (264, 'SAIDA', '2025-12-23', 18.0);
INSERT INTO movimentacoes (id_lote, tipo_mov, data_mov, quantidade) VALUES (324, 'SAIDA', '2025-12-23', 55.0);
INSERT INTO movimentacoes (id_lote, tipo_mov, data_mov, quantidade) VALUES (528, 'SAIDA', '2025-12-23', 5.0);
INSERT INTO movimentacoes (id_lote, tipo_mov, data_mov, quantidade) VALUES (235, 'SAIDA', '2025-12-23', 24.0);
INSERT INTO movimentacoes (id_lote, tipo_mov, data_mov, quantidade) VALUES (430, 'SAIDA', '2025-12-23', 1.0);
INSERT INTO movimentacoes (id_lote, tipo_mov, data_mov, quantidade) VALUES (531, 'SAIDA', '2025-12-23', 10.0);
INSERT INTO movimentacoes (id_lote, tipo_mov, data_mov, quantidade) VALUES (339, 'SAIDA', '2025-12-23', 1.0);
INSERT INTO movimentacoes (id_lote, tipo_mov, data_mov, quantidade) VALUES (402, 'SAIDA', '2025-12-23', 31.0);
INSERT INTO movimentacoes (id_lote, tipo_mov, data_mov, quantidade) VALUES (27, 'SAIDA', '2025-12-23', 37.0);
INSERT INTO movimentacoes (id_lote, tipo_mov, data_mov, quantidade) VALUES (65, 'SAIDA', '2025-12-23', 2302220939.0);
INSERT INTO movimentacoes (id_lote, tipo_mov, data_mov, quantidade) VALUES (499, 'SAIDA', '2025-12-23', 9.0);
INSERT INTO movimentacoes (id_lote, tipo_mov, data_mov, quantidade) VALUES (389, 'ENTRADA', '2025-12-23', 3.0);
INSERT INTO movimentacoes (id_lote, tipo_mov, data_mov, quantidade) VALUES (136, 'SAIDA', '2025-12-23', 23.0);
INSERT INTO movimentacoes (id_lote, tipo_mov, data_mov, quantidade) VALUES (389, 'SAIDA', '2025-12-23', 3.0);
INSERT INTO movimentacoes (id_lote, tipo_mov, data_mov, quantidade) VALUES (120, 'SAIDA', '2025-12-23', 3199.0);
INSERT INTO movimentacoes (id_lote, tipo_mov, data_mov, quantidade) VALUES (495, 'SAIDA', '2025-12-23', 102279.0);
INSERT INTO movimentacoes (id_lote, tipo_mov, data_mov, quantidade) VALUES (408, 'SAIDA', '2025-12-23', 31.0);
INSERT INTO movimentacoes (id_lote, tipo_mov, data_mov, quantidade) VALUES (466, 'SAIDA', '2025-12-23', 31.0);
INSERT INTO movimentacoes (id_lote, tipo_mov, data_mov, quantidade) VALUES (359, 'SAIDA', '2025-12-23', 1.0);
INSERT INTO movimentacoes (id_lote, tipo_mov, data_mov, quantidade) VALUES (165, 'SAIDA', '2025-12-23', 6.0);
INSERT INTO movimentacoes (id_lote, tipo_mov, data_mov, quantidade) VALUES (478, 'SAIDA', '2025-12-23', 102277.0);
INSERT INTO movimentacoes (id_lote, tipo_mov, data_mov, quantidade) VALUES (515, 'SAIDA', '2025-12-23', 13191.0);
INSERT INTO movimentacoes (id_lote, tipo_mov, data_mov, quantidade) VALUES (46, 'SAIDA', '2025-12-23', 2220.0);
INSERT INTO movimentacoes (id_lote, tipo_mov, data_mov, quantidade) VALUES (287, 'SAIDA', '2025-12-23', 30.0);
INSERT INTO movimentacoes (id_lote, tipo_mov, data_mov, quantidade) VALUES (183, 'SAIDA', '2025-12-23', 2.0);
INSERT INTO movimentacoes (id_lote, tipo_mov, data_mov, quantidade) VALUES (495, 'SAIDA', '2025-12-23', 102279.0);
INSERT INTO movimentacoes (id_lote, tipo_mov, data_mov, quantidade) VALUES (482, 'SAIDA', '2025-12-23', 59556.0);
INSERT INTO movimentacoes (id_lote, tipo_mov, data_mov, quantidade) VALUES (466, 'SAIDA', '2025-12-23', 31.0);
INSERT INTO movimentacoes (id_lote, tipo_mov, data_mov, quantidade) VALUES (120, 'SAIDA', '2025-12-23', 35.0);
INSERT INTO movimentacoes (id_lote, tipo_mov, data_mov, quantidade) VALUES (363, 'SAIDA', '2025-12-23', 5.0);
INSERT INTO movimentacoes (id_lote, tipo_mov, data_mov, quantidade) VALUES (357, 'SAIDA', '2025-12-23', 2.0);
INSERT INTO movimentacoes (id_lote, tipo_mov, data_mov, quantidade) VALUES (62, 'ENTRADA', '2025-12-23', 31.0);
INSERT INTO movimentacoes (id_lote, tipo_mov, data_mov, quantidade) VALUES (70, 'ENTRADA', '2025-12-23', 30.0);
INSERT INTO movimentacoes (id_lote, tipo_mov, data_mov, quantidade) VALUES (263, 'ENTRADA', '2025-12-23', 72132201.0);
INSERT INTO movimentacoes (id_lote, tipo_mov, data_mov, quantidade) VALUES (364, 'ENTRADA', '2025-12-23', 558.0);
INSERT INTO movimentacoes (id_lote, tipo_mov, data_mov, quantidade) VALUES (123, 'SAIDA', '2025-12-23', 9.0);
INSERT INTO movimentacoes (id_lote, tipo_mov, data_mov, quantidade) VALUES (136, 'SAIDA', '2025-12-23', 3102.0);
INSERT INTO movimentacoes (id_lote, tipo_mov, data_mov, quantidade) VALUES (287, 'SAIDA', '2025-12-23', 30.0);
INSERT INTO movimentacoes (id_lote, tipo_mov, data_mov, quantidade) VALUES (495, 'SAIDA', '2025-12-23', 102279.0);
INSERT INTO movimentacoes (id_lote, tipo_mov, data_mov, quantidade) VALUES (166, 'SAIDA', '2025-12-23', 7.0);
INSERT INTO movimentacoes (id_lote, tipo_mov, data_mov, quantidade) VALUES (110, 'ENTRADA', '2025-12-23', 6.0);
INSERT INTO movimentacoes (id_lote, tipo_mov, data_mov, quantidade) VALUES (357, 'ENTRADA', '2025-12-23', 559.0);
INSERT INTO movimentacoes (id_lote, tipo_mov, data_mov, quantidade) VALUES (42, 'ENTRADA', '2025-12-23', 10.0);
INSERT INTO movimentacoes (id_lote, tipo_mov, data_mov, quantidade) VALUES (465, 'SAIDA', '2025-12-23', 15119.0);
INSERT INTO movimentacoes (id_lote, tipo_mov, data_mov, quantidade) VALUES (390, 'SAIDA', '2025-12-23', 24.0);
INSERT INTO movimentacoes (id_lote, tipo_mov, data_mov, quantidade) VALUES (390, 'SAIDA', '2025-12-23', 24.0);
INSERT INTO movimentacoes (id_lote, tipo_mov, data_mov, quantidade) VALUES (390, 'SAIDA', '2025-12-23', 24.0);
INSERT INTO movimentacoes (id_lote, tipo_mov, data_mov, quantidade) VALUES (123, 'SAIDA', '2025-12-23', 9.0);
INSERT INTO movimentacoes (id_lote, tipo_mov, data_mov, quantidade) VALUES (78, 'SAIDA', '2025-12-23', 88.0);
INSERT INTO movimentacoes (id_lote, tipo_mov, data_mov, quantidade) VALUES (166, 'SAIDA', '2025-12-23', 7.0);
INSERT INTO movimentacoes (id_lote, tipo_mov, data_mov, quantidade) VALUES (495, 'SAIDA', '2025-12-23', 102279.0);
INSERT INTO movimentacoes (id_lote, tipo_mov, data_mov, quantidade) VALUES (408, 'SAIDA', '2025-12-23', 31.0);
INSERT INTO movimentacoes (id_lote, tipo_mov, data_mov, quantidade) VALUES (62, 'SAIDA', '2025-12-23', 31.0);
INSERT INTO movimentacoes (id_lote, tipo_mov, data_mov, quantidade) VALUES (495, 'SAIDA', '2025-12-23', 102279.0);
INSERT INTO movimentacoes (id_lote, tipo_mov, data_mov, quantidade) VALUES (65, 'SAIDA', '2025-12-23', 2302220939.0);
INSERT INTO movimentacoes (id_lote, tipo_mov, data_mov, quantidade) VALUES (428, 'SAIDA', '2025-12-23', 3255.0);
INSERT INTO movimentacoes (id_lote, tipo_mov, data_mov, quantidade) VALUES (349, 'SAIDA', '2025-12-23', 5.0);
INSERT INTO movimentacoes (id_lote, tipo_mov, data_mov, quantidade) VALUES (166, 'SAIDA', '2025-12-23', 7.0);
INSERT INTO movimentacoes (id_lote, tipo_mov, data_mov, quantidade) VALUES (364, 'SAIDA', '2025-12-23', 557.0);
INSERT INTO movimentacoes (id_lote, tipo_mov, data_mov, quantidade) VALUES (393, 'ENTRADA', '2025-12-23', 1.0);
INSERT INTO movimentacoes (id_lote, tipo_mov, data_mov, quantidade) VALUES (166, 'SAIDA', '2025-12-23', 7.0);
INSERT INTO movimentacoes (id_lote, tipo_mov, data_mov, quantidade) VALUES (352, 'SAIDA', '2025-12-23', 5.0);
INSERT INTO movimentacoes (id_lote, tipo_mov, data_mov, quantidade) VALUES (359, 'ENTRADA', '2025-12-23', 560.0);
INSERT INTO movimentacoes (id_lote, tipo_mov, data_mov, quantidade) VALUES (204, 'SAIDA', '2025-12-23', 2220.0);
INSERT INTO movimentacoes (id_lote, tipo_mov, data_mov, quantidade) VALUES (482, 'SAIDA', '2025-12-23', 59556.0);
INSERT INTO movimentacoes (id_lote, tipo_mov, data_mov, quantidade) VALUES (120, 'SAIDA', '2025-12-23', 35.0);
INSERT INTO movimentacoes (id_lote, tipo_mov, data_mov, quantidade) VALUES (364, 'SAIDA', '2025-12-23', 1.0);
INSERT INTO movimentacoes (id_lote, tipo_mov, data_mov, quantidade) VALUES (224, 'ENTRADA', '2025-12-23', 10.0);
INSERT INTO movimentacoes (id_lote, tipo_mov, data_mov, quantidade) VALUES (223, 'ENTRADA', '2025-12-23', 10.0);
INSERT INTO movimentacoes (id_lote, tipo_mov, data_mov, quantidade) VALUES (223, 'ENTRADA', '2025-12-23', 10.0);
INSERT INTO movimentacoes (id_lote, tipo_mov, data_mov, quantidade) VALUES (467, 'ENTRADA', '2025-12-23', 30.0);
INSERT INTO movimentacoes (id_lote, tipo_mov, data_mov, quantidade) VALUES (435, 'ENTRADA', '2025-12-23', 1.0);
INSERT INTO movimentacoes (id_lote, tipo_mov, data_mov, quantidade) VALUES (352, 'SAIDA', '2025-12-23', 559.0);
INSERT INTO movimentacoes (id_lote, tipo_mov, data_mov, quantidade) VALUES (120, 'SAIDA', '2025-12-23', 35.0);
INSERT INTO movimentacoes (id_lote, tipo_mov, data_mov, quantidade) VALUES (419, 'SAIDA', '2025-12-23', 2.0);
INSERT INTO movimentacoes (id_lote, tipo_mov, data_mov, quantidade) VALUES (435, 'SAIDA', '2025-12-23', 1.0);
INSERT INTO movimentacoes (id_lote, tipo_mov, data_mov, quantidade) VALUES (136, 'SAIDA', '2025-12-23', 3198.0);
INSERT INTO movimentacoes (id_lote, tipo_mov, data_mov, quantidade) VALUES (310, 'SAIDA', '2025-12-23', 4.0);
INSERT INTO movimentacoes (id_lote, tipo_mov, data_mov, quantidade) VALUES (482, 'SAIDA', '2025-12-23', 59556.0);
INSERT INTO movimentacoes (id_lote, tipo_mov, data_mov, quantidade) VALUES (27, 'SAIDA', '2025-12-23', 37.0);
INSERT INTO movimentacoes (id_lote, tipo_mov, data_mov, quantidade) VALUES (171, 'SAIDA', '2025-12-23', 31.0);
INSERT INTO movimentacoes (id_lote, tipo_mov, data_mov, quantidade) VALUES (495, 'SAIDA', '2025-12-23', 102279.0);
INSERT INTO movimentacoes (id_lote, tipo_mov, data_mov, quantidade) VALUES (490, 'SAIDA', '2025-12-23', 7.0);
INSERT INTO movimentacoes (id_lote, tipo_mov, data_mov, quantidade) VALUES (125, 'ENTRADA', '2025-12-23', 30.0);
INSERT INTO movimentacoes (id_lote, tipo_mov, data_mov, quantidade) VALUES (110, 'SAIDA', '2025-12-23', 6.0);
INSERT INTO movimentacoes (id_lote, tipo_mov, data_mov, quantidade) VALUES (22, 'ENTRADA', '2025-12-23', 1.0);
INSERT INTO movimentacoes (id_lote, tipo_mov, data_mov, quantidade) VALUES (172, 'ENTRADA', '2025-12-23', 3.0);
INSERT INTO movimentacoes (id_lote, tipo_mov, data_mov, quantidade) VALUES (136, 'ENTRADA', '2025-12-23', 3362.0);
INSERT INTO movimentacoes (id_lote, tipo_mov, data_mov, quantidade) VALUES (46, 'ENTRADA', '2025-12-23', 3.0);
INSERT INTO movimentacoes (id_lote, tipo_mov, data_mov, quantidade) VALUES (288, 'ENTRADA', '2025-12-23', 3.0);
INSERT INTO movimentacoes (id_lote, tipo_mov, data_mov, quantidade) VALUES (520, 'SAIDA', '2025-12-23', 16.0);
INSERT INTO movimentacoes (id_lote, tipo_mov, data_mov, quantidade) VALUES (364, 'SAIDA', '2025-12-23', 558.0);
INSERT INTO movimentacoes (id_lote, tipo_mov, data_mov, quantidade) VALUES (171, 'SAIDA', '2025-12-23', 26.0);
INSERT INTO movimentacoes (id_lote, tipo_mov, data_mov, quantidade) VALUES (495, 'SAIDA', '2025-12-23', 102279.0);
INSERT INTO movimentacoes (id_lote, tipo_mov, data_mov, quantidade) VALUES (357, 'SAIDA', '2025-12-23', 559.0);
INSERT INTO movimentacoes (id_lote, tipo_mov, data_mov, quantidade) VALUES (120, 'SAIDA', '2025-12-23', 35.0);
INSERT INTO movimentacoes (id_lote, tipo_mov, data_mov, quantidade) VALUES (379, 'ENTRADA', '2025-12-23', 5.0);
INSERT INTO movimentacoes (id_lote, tipo_mov, data_mov, quantidade) VALUES (496, 'ENTRADA', '2025-12-23', 129114.0);
INSERT INTO movimentacoes (id_lote, tipo_mov, data_mov, quantidade) VALUES (467, 'ENTRADA', '2025-12-23', 30.0);
INSERT INTO movimentacoes (id_lote, tipo_mov, data_mov, quantidade) VALUES (514, 'ENTRADA', '2025-12-23', 7.0);
INSERT INTO movimentacoes (id_lote, tipo_mov, data_mov, quantidade) VALUES (357, 'SAIDA', '2025-12-23', 559.0);
INSERT INTO movimentacoes (id_lote, tipo_mov, data_mov, quantidade) VALUES (125, 'SAIDA', '2025-12-23', 31.0);
INSERT INTO movimentacoes (id_lote, tipo_mov, data_mov, quantidade) VALUES (495, 'SAIDA', '2025-12-23', 102279.0);
INSERT INTO movimentacoes (id_lote, tipo_mov, data_mov, quantidade) VALUES (46, 'SAIDA', '2025-12-23', 3215.0);
INSERT INTO movimentacoes (id_lote, tipo_mov, data_mov, quantidade) VALUES (288, 'SAIDA', '2025-12-23', 3.0);
INSERT INTO movimentacoes (id_lote, tipo_mov, data_mov, quantidade) VALUES (467, 'SAIDA', '2025-12-23', 30.0);
INSERT INTO movimentacoes (id_lote, tipo_mov, data_mov, quantidade) VALUES (467, 'SAIDA', '2025-12-23', 30.0);
INSERT INTO movimentacoes (id_lote, tipo_mov, data_mov, quantidade) VALUES (482, 'SAIDA', '2025-12-23', 59556.0);
INSERT INTO movimentacoes (id_lote, tipo_mov, data_mov, quantidade) VALUES (171, 'SAIDA', '2025-12-23', 26.0);
INSERT INTO movimentacoes (id_lote, tipo_mov, data_mov, quantidade) VALUES (171, 'SAIDA', '2025-12-23', 26.0);
INSERT INTO movimentacoes (id_lote, tipo_mov, data_mov, quantidade) VALUES (495, 'SAIDA', '2025-12-23', 102279.0);
INSERT INTO movimentacoes (id_lote, tipo_mov, data_mov, quantidade) VALUES (513, 'SAIDA', '2025-12-23', 25.0);
INSERT INTO movimentacoes (id_lote, tipo_mov, data_mov, quantidade) VALUES (534, 'SAIDA', '2025-12-23', 2401160246.0);
INSERT INTO movimentacoes (id_lote, tipo_mov, data_mov, quantidade) VALUES (534, 'SAIDA', '2025-12-23', 2401160246.0);
INSERT INTO movimentacoes (id_lote, tipo_mov, data_mov, quantidade) VALUES (482, 'SAIDA', '2025-12-23', 59556.0);
INSERT INTO movimentacoes (id_lote, tipo_mov, data_mov, quantidade) VALUES (171, 'SAIDA', '2025-12-23', 26.0);
INSERT INTO movimentacoes (id_lote, tipo_mov, data_mov, quantidade) VALUES (495, 'SAIDA', '2025-12-23', 102279.0);
INSERT INTO movimentacoes (id_lote, tipo_mov, data_mov, quantidade) VALUES (27, 'SAIDA', '2025-12-23', 37.0);
INSERT INTO movimentacoes (id_lote, tipo_mov, data_mov, quantidade) VALUES (183, 'SAIDA', '2025-12-23', 2.0);
INSERT INTO movimentacoes (id_lote, tipo_mov, data_mov, quantidade) VALUES (166, 'SAIDA', '2025-12-23', 7.0);
INSERT INTO movimentacoes (id_lote, tipo_mov, data_mov, quantidade) VALUES (120, 'SAIDA', '2025-12-23', 4058.0);
INSERT INTO movimentacoes (id_lote, tipo_mov, data_mov, quantidade) VALUES (171, 'SAIDA', '2025-12-23', 26.0);
INSERT INTO movimentacoes (id_lote, tipo_mov, data_mov, quantidade) VALUES (495, 'SAIDA', '2025-12-23', 102279.0);
INSERT INTO movimentacoes (id_lote, tipo_mov, data_mov, quantidade) VALUES (408, 'SAIDA', '2025-12-23', 31.0);
INSERT INTO movimentacoes (id_lote, tipo_mov, data_mov, quantidade) VALUES (513, 'SAIDA', '2025-12-23', 25.0);
INSERT INTO movimentacoes (id_lote, tipo_mov, data_mov, quantidade) VALUES (136, 'ENTRADA', '2025-12-23', 3341.0);
INSERT INTO movimentacoes (id_lote, tipo_mov, data_mov, quantidade) VALUES (490, 'SAIDA', '2025-12-23', 5.0);
INSERT INTO movimentacoes (id_lote, tipo_mov, data_mov, quantidade) VALUES (125, 'SAIDA', '2025-12-23', 30.0);
INSERT INTO movimentacoes (id_lote, tipo_mov, data_mov, quantidade) VALUES (357, 'SAIDA', '2025-12-23', 2.0);
INSERT INTO movimentacoes (id_lote, tipo_mov, data_mov, quantidade) VALUES (364, 'SAIDA', '2025-12-23', 558.0);
INSERT INTO movimentacoes (id_lote, tipo_mov, data_mov, quantidade) VALUES (166, 'SAIDA', '2025-12-23', 7.0);
INSERT INTO movimentacoes (id_lote, tipo_mov, data_mov, quantidade) VALUES (435, 'SAIDA', '2025-12-23', 1.0);
INSERT INTO movimentacoes (id_lote, tipo_mov, data_mov, quantidade) VALUES (435, 'SAIDA', '2025-12-23', 1.0);
INSERT INTO movimentacoes (id_lote, tipo_mov, data_mov, quantidade) VALUES (27, 'SAIDA', '2025-12-23', 37.0);
INSERT INTO movimentacoes (id_lote, tipo_mov, data_mov, quantidade) VALUES (336, 'SAIDA', '2025-12-23', 30.0);
INSERT INTO movimentacoes (id_lote, tipo_mov, data_mov, quantidade) VALUES (467, 'SAIDA', '2025-12-23', 30.0);
INSERT INTO movimentacoes (id_lote, tipo_mov, data_mov, quantidade) VALUES (513, 'SAIDA', '2025-12-23', 3.0);
INSERT INTO movimentacoes (id_lote, tipo_mov, data_mov, quantidade) VALUES (183, 'SAIDA', '2025-12-23', 3.0);
INSERT INTO movimentacoes (id_lote, tipo_mov, data_mov, quantidade) VALUES (166, 'SAIDA', '2025-12-23', 7.0);
INSERT INTO movimentacoes (id_lote, tipo_mov, data_mov, quantidade) VALUES (495, 'SAIDA', '2025-12-23', 102279.0);
INSERT INTO movimentacoes (id_lote, tipo_mov, data_mov, quantidade) VALUES (514, 'SAIDA', '2025-12-23', 7.0);
INSERT INTO movimentacoes (id_lote, tipo_mov, data_mov, quantidade) VALUES (22, 'SAIDA', '2025-12-23', 1.0);
INSERT INTO movimentacoes (id_lote, tipo_mov, data_mov, quantidade) VALUES (136, 'SAIDA', '2025-12-23', 3198.0);
INSERT INTO movimentacoes (id_lote, tipo_mov, data_mov, quantidade) VALUES (421, 'ENTRADA', '2025-12-23', 2.0);
INSERT INTO movimentacoes (id_lote, tipo_mov, data_mov, quantidade) VALUES (312, 'ENTRADA', '2025-12-23', 31.0);
INSERT INTO movimentacoes (id_lote, tipo_mov, data_mov, quantidade) VALUES (357, 'SAIDA', '2025-12-23', 559.0);
INSERT INTO movimentacoes (id_lote, tipo_mov, data_mov, quantidade) VALUES (288, 'SAIDA', '2025-12-23', 3.0);
INSERT INTO movimentacoes (id_lote, tipo_mov, data_mov, quantidade) VALUES (482, 'SAIDA', '2025-12-23', 59556.0);
INSERT INTO movimentacoes (id_lote, tipo_mov, data_mov, quantidade) VALUES (495, 'SAIDA', '2025-12-23', 102279.0);
INSERT INTO movimentacoes (id_lote, tipo_mov, data_mov, quantidade) VALUES (381, 'ENTRADA', '2025-12-23', 30.0);
INSERT INTO movimentacoes (id_lote, tipo_mov, data_mov, quantidade) VALUES (166, 'SAIDA', '2025-12-23', 7.0);
INSERT INTO movimentacoes (id_lote, tipo_mov, data_mov, quantidade) VALUES (467, 'SAIDA', '2025-12-23', 31.0);
INSERT INTO movimentacoes (id_lote, tipo_mov, data_mov, quantidade) VALUES (166, 'SAIDA', '2025-12-23', 7.0);
INSERT INTO movimentacoes (id_lote, tipo_mov, data_mov, quantidade) VALUES (478, 'SAIDA', '2025-12-23', 102277.0);
INSERT INTO movimentacoes (id_lote, tipo_mov, data_mov, quantidade) VALUES (409, 'SAIDA', '2025-12-23', 30.0);
INSERT INTO movimentacoes (id_lote, tipo_mov, data_mov, quantidade) VALUES (514, 'SAIDA', '2025-12-23', 7.0);
INSERT INTO movimentacoes (id_lote, tipo_mov, data_mov, quantidade) VALUES (92, 'SAIDA', '2025-12-23', 31.0);
INSERT INTO movimentacoes (id_lote, tipo_mov, data_mov, quantidade) VALUES (357, 'SAIDA', '2025-12-23', 559.0);
INSERT INTO movimentacoes (id_lote, tipo_mov, data_mov, quantidade) VALUES (323, 'SAIDA', '2025-12-23', 31.0);
INSERT INTO movimentacoes (id_lote, tipo_mov, data_mov, quantidade) VALUES (254, 'SAIDA', '2025-12-23', 2308151396.0);
INSERT INTO movimentacoes (id_lote, tipo_mov, data_mov, quantidade) VALUES (127, 'ENTRADA', '2025-12-23', 30.0);
INSERT INTO movimentacoes (id_lote, tipo_mov, data_mov, quantidade) VALUES (435, 'SAIDA', '2025-12-23', 1.0);
INSERT INTO movimentacoes (id_lote, tipo_mov, data_mov, quantidade) VALUES (481, 'ENTRADA', '2025-12-23', 30.0);
INSERT INTO movimentacoes (id_lote, tipo_mov, data_mov, quantidade) VALUES (29, 'ENTRADA', '2025-12-23', 6.0);
INSERT INTO movimentacoes (id_lote, tipo_mov, data_mov, quantidade) VALUES (289, 'ENTRADA', '2025-12-23', 31.0);
INSERT INTO movimentacoes (id_lote, tipo_mov, data_mov, quantidade) VALUES (288, 'ENTRADA', '2025-12-23', 3.0);
INSERT INTO movimentacoes (id_lote, tipo_mov, data_mov, quantidade) VALUES (364, 'SAIDA', '2025-12-23', 557.0);
INSERT INTO movimentacoes (id_lote, tipo_mov, data_mov, quantidade) VALUES (357, 'SAIDA', '2025-12-23', 559.0);
INSERT INTO movimentacoes (id_lote, tipo_mov, data_mov, quantidade) VALUES (166, 'SAIDA', '2025-12-23', 7.0);
INSERT INTO movimentacoes (id_lote, tipo_mov, data_mov, quantidade) VALUES (166, 'SAIDA', '2025-12-23', 7.0);
INSERT INTO movimentacoes (id_lote, tipo_mov, data_mov, quantidade) VALUES (127, 'SAIDA', '2025-12-23', 30.0);
INSERT INTO movimentacoes (id_lote, tipo_mov, data_mov, quantidade) VALUES (482, 'SAIDA', '2025-12-23', 59556.0);
INSERT INTO movimentacoes (id_lote, tipo_mov, data_mov, quantidade) VALUES (171, 'SAIDA', '2025-12-23', 26.0);
INSERT INTO movimentacoes (id_lote, tipo_mov, data_mov, quantidade) VALUES (495, 'SAIDA', '2025-12-23', 102279.0);
INSERT INTO movimentacoes (id_lote, tipo_mov, data_mov, quantidade) VALUES (478, 'SAIDA', '2025-12-23', 102277.0);
INSERT INTO movimentacoes (id_lote, tipo_mov, data_mov, quantidade) VALUES (27, 'SAIDA', '2025-12-23', 37.0);
INSERT INTO movimentacoes (id_lote, tipo_mov, data_mov, quantidade) VALUES (467, 'SAIDA', '2025-12-23', 30.0);
INSERT INTO movimentacoes (id_lote, tipo_mov, data_mov, quantidade) VALUES (514, 'SAIDA', '2025-12-23', 7.0);
INSERT INTO movimentacoes (id_lote, tipo_mov, data_mov, quantidade) VALUES (352, 'ENTRADA', '2025-12-23', 2.0);
INSERT INTO movimentacoes (id_lote, tipo_mov, data_mov, quantidade) VALUES (156, 'ENTRADA', '2025-12-23', 60166513.0);
INSERT INTO movimentacoes (id_lote, tipo_mov, data_mov, quantidade) VALUES (166, 'SAIDA', '2025-12-23', 7.0);
INSERT INTO movimentacoes (id_lote, tipo_mov, data_mov, quantidade) VALUES (78, 'SAIDA', '2025-12-23', 8.0);
INSERT INTO movimentacoes (id_lote, tipo_mov, data_mov, quantidade) VALUES (482, 'SAIDA', '2025-12-23', 59556.0);
INSERT INTO movimentacoes (id_lote, tipo_mov, data_mov, quantidade) VALUES (495, 'SAIDA', '2025-12-23', 102279.0);
INSERT INTO movimentacoes (id_lote, tipo_mov, data_mov, quantidade) VALUES (495, 'SAIDA', '2025-12-23', 102279.0);
INSERT INTO movimentacoes (id_lote, tipo_mov, data_mov, quantidade) VALUES (541, 'SAIDA', '2025-12-23', 12445.0);
INSERT INTO movimentacoes (id_lote, tipo_mov, data_mov, quantidade) VALUES (408, 'SAIDA', '2025-12-23', 31.0);
INSERT INTO movimentacoes (id_lote, tipo_mov, data_mov, quantidade) VALUES (65, 'SAIDA', '2025-12-23', 2302220939.0);
INSERT INTO movimentacoes (id_lote, tipo_mov, data_mov, quantidade) VALUES (467, 'SAIDA', '2025-12-23', 30.0);
INSERT INTO movimentacoes (id_lote, tipo_mov, data_mov, quantidade) VALUES (514, 'SAIDA', '2025-12-23', 7.0);
INSERT INTO movimentacoes (id_lote, tipo_mov, data_mov, quantidade) VALUES (29, 'SAIDA', '2025-12-23', 6.0);
INSERT INTO movimentacoes (id_lote, tipo_mov, data_mov, quantidade) VALUES (125, 'SAIDA', '2025-12-23', 30.0);
INSERT INTO movimentacoes (id_lote, tipo_mov, data_mov, quantidade) VALUES (46, 'SAIDA', '2025-12-23', 3215.0);
INSERT INTO movimentacoes (id_lote, tipo_mov, data_mov, quantidade) VALUES (289, 'SAIDA', '2025-12-23', 30.0);
INSERT INTO movimentacoes (id_lote, tipo_mov, data_mov, quantidade) VALUES (204, 'SAIDA', '2025-12-23', 2220.0);
INSERT INTO movimentacoes (id_lote, tipo_mov, data_mov, quantidade) VALUES (495, 'SAIDA', '2025-12-23', 102279.0);
INSERT INTO movimentacoes (id_lote, tipo_mov, data_mov, quantidade) VALUES (497, 'ENTRADA', '2025-12-23', 13391.0);
INSERT INTO movimentacoes (id_lote, tipo_mov, data_mov, quantidade) VALUES (178, 'ENTRADA', '2025-12-23', 1.0);
INSERT INTO movimentacoes (id_lote, tipo_mov, data_mov, quantidade) VALUES (171, 'SAIDA', '2025-12-23', 26.0);
INSERT INTO movimentacoes (id_lote, tipo_mov, data_mov, quantidade) VALUES (467, 'SAIDA', '2025-12-23', 30.0);
INSERT INTO movimentacoes (id_lote, tipo_mov, data_mov, quantidade) VALUES (436, 'ENTRADA', '2025-12-23', 1.0);
INSERT INTO movimentacoes (id_lote, tipo_mov, data_mov, quantidade) VALUES (239, 'SAIDA', '2025-12-23', 5573.0);
INSERT INTO movimentacoes (id_lote, tipo_mov, data_mov, quantidade) VALUES (495, 'SAIDA', '2025-12-23', 102279.0);
INSERT INTO movimentacoes (id_lote, tipo_mov, data_mov, quantidade) VALUES (390, 'ENTRADA', '2025-12-23', 27.0);
INSERT INTO movimentacoes (id_lote, tipo_mov, data_mov, quantidade) VALUES (385, 'ENTRADA', '2025-12-23', 2.0);
INSERT INTO movimentacoes (id_lote, tipo_mov, data_mov, quantidade) VALUES (382, 'ENTRADA', '2025-12-23', 30.0);
INSERT INTO movimentacoes (id_lote, tipo_mov, data_mov, quantidade) VALUES (171, 'SAIDA', '2025-12-23', 26.0);
INSERT INTO movimentacoes (id_lote, tipo_mov, data_mov, quantidade) VALUES (478, 'SAIDA', '2025-12-23', 102277.0);
INSERT INTO movimentacoes (id_lote, tipo_mov, data_mov, quantidade) VALUES (495, 'SAIDA', '2025-12-23', 102279.0);
INSERT INTO movimentacoes (id_lote, tipo_mov, data_mov, quantidade) VALUES (65, 'SAIDA', '2025-12-23', 2302220939.0);
INSERT INTO movimentacoes (id_lote, tipo_mov, data_mov, quantidade) VALUES (467, 'SAIDA', '2025-12-23', 30.0);
INSERT INTO movimentacoes (id_lote, tipo_mov, data_mov, quantidade) VALUES (514, 'SAIDA', '2025-12-23', 7.0);
INSERT INTO movimentacoes (id_lote, tipo_mov, data_mov, quantidade) VALUES (29, 'SAIDA', '2025-12-23', 6.0);
INSERT INTO movimentacoes (id_lote, tipo_mov, data_mov, quantidade) VALUES (572, 'ENTRADA', '2025-12-23', 2500.0);
INSERT INTO movimentacoes (id_lote, tipo_mov, data_mov, quantidade) VALUES (280, 'ENTRADA', '2025-12-23', 60431100.0);
INSERT INTO movimentacoes (id_lote, tipo_mov, data_mov, quantidade) VALUES (280, 'SAIDA', '2025-12-23', 60431100.0);
INSERT INTO movimentacoes (id_lote, tipo_mov, data_mov, quantidade) VALUES (127, 'SAIDA', '2025-12-23', 30.0);
INSERT INTO movimentacoes (id_lote, tipo_mov, data_mov, quantidade) VALUES (23, 'ENTRADA', '2025-12-23', 1.0);
INSERT INTO movimentacoes (id_lote, tipo_mov, data_mov, quantidade) VALUES (109, 'ENTRADA', '2025-12-23', 6.0);
INSERT INTO movimentacoes (id_lote, tipo_mov, data_mov, quantidade) VALUES (232, 'ENTRADA', '2025-12-23', 9.0);
INSERT INTO movimentacoes (id_lote, tipo_mov, data_mov, quantidade) VALUES (243, 'ENTRADA', '2025-12-23', 8.0);
INSERT INTO movimentacoes (id_lote, tipo_mov, data_mov, quantidade) VALUES (171, 'SAIDA', '2025-12-23', 26.0);
INSERT INTO movimentacoes (id_lote, tipo_mov, data_mov, quantidade) VALUES (481, 'SAIDA', '2025-12-23', 28.0);
INSERT INTO movimentacoes (id_lote, tipo_mov, data_mov, quantidade) VALUES (467, 'SAIDA', '2025-12-23', 30.0);
INSERT INTO movimentacoes (id_lote, tipo_mov, data_mov, quantidade) VALUES (12, 'ENTRADA', '2025-12-23', 6.86);
INSERT INTO movimentacoes (id_lote, tipo_mov, data_mov, quantidade) VALUES (120, 'ENTRADA', '2025-12-23', 4142.0);
INSERT INTO movimentacoes (id_lote, tipo_mov, data_mov, quantidade) VALUES (34, 'ENTRADA', '2025-12-23', 252270.0);
INSERT INTO movimentacoes (id_lote, tipo_mov, data_mov, quantidade) VALUES (468, 'ENTRADA', '2025-12-23', 30.0);
INSERT INTO movimentacoes (id_lote, tipo_mov, data_mov, quantidade) VALUES (183, 'SAIDA', '2025-12-23', 2.0);
INSERT INTO movimentacoes (id_lote, tipo_mov, data_mov, quantidade) VALUES (364, 'SAIDA', '2025-12-23', 562.0);
INSERT INTO movimentacoes (id_lote, tipo_mov, data_mov, quantidade) VALUES (531, 'SAIDA', '2025-12-23', 11.0);
INSERT INTO movimentacoes (id_lote, tipo_mov, data_mov, quantidade) VALUES (532, 'SAIDA', '2025-12-23', 126440.0);
INSERT INTO movimentacoes (id_lote, tipo_mov, data_mov, quantidade) VALUES (172, 'SAIDA', '2025-12-23', 3.0);
INSERT INTO movimentacoes (id_lote, tipo_mov, data_mov, quantidade) VALUES (28, 'SAIDA', '2025-12-23', 37.0);
INSERT INTO movimentacoes (id_lote, tipo_mov, data_mov, quantidade) VALUES (481, 'SAIDA', '2025-12-23', 28.0);
INSERT INTO movimentacoes (id_lote, tipo_mov, data_mov, quantidade) VALUES (468, 'SAIDA', '2025-12-23', 30.0);
INSERT INTO movimentacoes (id_lote, tipo_mov, data_mov, quantidade) VALUES (514, 'SAIDA', '2025-12-23', 7.0);
INSERT INTO movimentacoes (id_lote, tipo_mov, data_mov, quantidade) VALUES (436, 'SAIDA', '2025-12-23', 1.0);
INSERT INTO movimentacoes (id_lote, tipo_mov, data_mov, quantidade) VALUES (127, 'SAIDA', '2025-12-23', 30.0);
INSERT INTO movimentacoes (id_lote, tipo_mov, data_mov, quantidade) VALUES (514, 'SAIDA', '2025-12-23', 7.0);
INSERT INTO movimentacoes (id_lote, tipo_mov, data_mov, quantidade) VALUES (352, 'SAIDA', '2025-12-23', 2.0);
INSERT INTO movimentacoes (id_lote, tipo_mov, data_mov, quantidade) VALUES (183, 'SAIDA', '2025-12-23', 2.0);
INSERT INTO movimentacoes (id_lote, tipo_mov, data_mov, quantidade) VALUES (183, 'SAIDA', '2025-12-23', 2.0);
INSERT INTO movimentacoes (id_lote, tipo_mov, data_mov, quantidade) VALUES (495, 'SAIDA', '2025-12-23', 102279.0);
INSERT INTO movimentacoes (id_lote, tipo_mov, data_mov, quantidade) VALUES (478, 'SAIDA', '2025-12-23', 102277.0);
INSERT INTO movimentacoes (id_lote, tipo_mov, data_mov, quantidade) VALUES (496, 'SAIDA', '2025-12-23', 129114.0);
INSERT INTO movimentacoes (id_lote, tipo_mov, data_mov, quantidade) VALUES (496, 'SAIDA', '2025-12-23', 129114.0);
INSERT INTO movimentacoes (id_lote, tipo_mov, data_mov, quantidade) VALUES (496, 'SAIDA', '2025-12-23', 129114.0);
INSERT INTO movimentacoes (id_lote, tipo_mov, data_mov, quantidade) VALUES (496, 'SAIDA', '2025-12-23', 129114.0);
INSERT INTO movimentacoes (id_lote, tipo_mov, data_mov, quantidade) VALUES (136, 'SAIDA', '2025-12-23', 3341.0);
INSERT INTO movimentacoes (id_lote, tipo_mov, data_mov, quantidade) VALUES (28, 'SAIDA', '2025-12-23', 37.0);
INSERT INTO movimentacoes (id_lote, tipo_mov, data_mov, quantidade) VALUES (28, 'SAIDA', '2025-12-23', 37.0);
INSERT INTO movimentacoes (id_lote, tipo_mov, data_mov, quantidade) VALUES (496, 'SAIDA', '2025-12-23', 129114.0);
INSERT INTO movimentacoes (id_lote, tipo_mov, data_mov, quantidade) VALUES (481, 'SAIDA', '2025-12-23', 28.0);
INSERT INTO movimentacoes (id_lote, tipo_mov, data_mov, quantidade) VALUES (513, 'SAIDA', '2025-12-23', 25.0);
INSERT INTO movimentacoes (id_lote, tipo_mov, data_mov, quantidade) VALUES (513, 'SAIDA', '2025-12-23', 25.0);
INSERT INTO movimentacoes (id_lote, tipo_mov, data_mov, quantidade) VALUES (513, 'SAIDA', '2025-12-23', 25.0);
INSERT INTO movimentacoes (id_lote, tipo_mov, data_mov, quantidade) VALUES (514, 'SAIDA', '2025-12-23', 7.0);
INSERT INTO movimentacoes (id_lote, tipo_mov, data_mov, quantidade) VALUES (514, 'SAIDA', '2025-12-23', 7.0);
INSERT INTO movimentacoes (id_lote, tipo_mov, data_mov, quantidade) VALUES (467, 'SAIDA', '2025-12-23', 4.0);
INSERT INTO movimentacoes (id_lote, tipo_mov, data_mov, quantidade) VALUES (468, 'SAIDA', '2025-12-23', 4.0);
INSERT INTO movimentacoes (id_lote, tipo_mov, data_mov, quantidade) VALUES (125, 'ENTRADA', '2025-12-23', 30.0);
INSERT INTO movimentacoes (id_lote, tipo_mov, data_mov, quantidade) VALUES (364, 'ENTRADA', '2025-12-23', 562.0);
INSERT INTO movimentacoes (id_lote, tipo_mov, data_mov, quantidade) VALUES (136, 'ENTRADA', '2025-12-23', 4.0);
INSERT INTO movimentacoes (id_lote, tipo_mov, data_mov, quantidade) VALUES (514, 'ENTRADA', '2025-12-23', 18.0);
INSERT INTO movimentacoes (id_lote, tipo_mov, data_mov, quantidade) VALUES (256, 'ENTRADA', '2025-12-23', 2409101716.0);
INSERT INTO movimentacoes (id_lote, tipo_mov, data_mov, quantidade) VALUES (71, 'ENTRADA', '2025-12-23', 30.0);
INSERT INTO movimentacoes (id_lote, tipo_mov, data_mov, quantidade) VALUES (58, 'ENTRADA', '2025-12-23', 6806225.0);
INSERT INTO movimentacoes (id_lote, tipo_mov, data_mov, quantidade) VALUES (352, 'ENTRADA', '2025-12-23', 3.0);
INSERT INTO movimentacoes (id_lote, tipo_mov, data_mov, quantidade) VALUES (120, 'ENTRADA', '2025-12-23', 35.0);
INSERT INTO movimentacoes (id_lote, tipo_mov, data_mov, quantidade) VALUES (120, 'SAIDA', '2025-12-23', 35.0);
INSERT INTO movimentacoes (id_lote, tipo_mov, data_mov, quantidade) VALUES (352, 'SAIDA', '2025-12-23', 2.0);
INSERT INTO movimentacoes (id_lote, tipo_mov, data_mov, quantidade) VALUES (434, 'SAIDA', '2025-12-23', 1.0);
INSERT INTO movimentacoes (id_lote, tipo_mov, data_mov, quantidade) VALUES (125, 'SAIDA', '2025-12-23', 30.0);
INSERT INTO movimentacoes (id_lote, tipo_mov, data_mov, quantidade) VALUES (125, 'SAIDA', '2025-12-23', 30.0);
INSERT INTO movimentacoes (id_lote, tipo_mov, data_mov, quantidade) VALUES (126, 'ENTRADA', '2025-12-23', 4112.0);
INSERT INTO movimentacoes (id_lote, tipo_mov, data_mov, quantidade) VALUES (127, 'SAIDA', '2025-12-23', 30.0);
INSERT INTO movimentacoes (id_lote, tipo_mov, data_mov, quantidade) VALUES (127, 'SAIDA', '2025-12-23', 30.0);
INSERT INTO movimentacoes (id_lote, tipo_mov, data_mov, quantidade) VALUES (127, 'SAIDA', '2025-12-23', 30.0);
INSERT INTO movimentacoes (id_lote, tipo_mov, data_mov, quantidade) VALUES (364, 'SAIDA', '2025-12-23', 558.0);
INSERT INTO movimentacoes (id_lote, tipo_mov, data_mov, quantidade) VALUES (364, 'SAIDA', '2025-12-23', 560.0);
INSERT INTO movimentacoes (id_lote, tipo_mov, data_mov, quantidade) VALUES (352, 'SAIDA', '2025-12-23', 2.0);
INSERT INTO movimentacoes (id_lote, tipo_mov, data_mov, quantidade) VALUES (12, 'SAIDA', '2025-12-23', 6.86);
INSERT INTO movimentacoes (id_lote, tipo_mov, data_mov, quantidade) VALUES (436, 'SAIDA', '2025-12-23', 1.0);
INSERT INTO movimentacoes (id_lote, tipo_mov, data_mov, quantidade) VALUES (172, 'SAIDA', '2025-12-23', 3.0);
INSERT INTO movimentacoes (id_lote, tipo_mov, data_mov, quantidade) VALUES (172, 'SAIDA', '2025-12-23', 3.0);
INSERT INTO movimentacoes (id_lote, tipo_mov, data_mov, quantidade) VALUES (172, 'SAIDA', '2025-12-23', 3.0);
INSERT INTO movimentacoes (id_lote, tipo_mov, data_mov, quantidade) VALUES (437, 'ENTRADA', '2025-12-23', 1.0);
INSERT INTO movimentacoes (id_lote, tipo_mov, data_mov, quantidade) VALUES (496, 'SAIDA', '2025-12-23', 129114.0);
INSERT INTO movimentacoes (id_lote, tipo_mov, data_mov, quantidade) VALUES (406, 'SAIDA', '2025-12-23', 31.0);
INSERT INTO movimentacoes (id_lote, tipo_mov, data_mov, quantidade) VALUES (51, 'SAIDA', '2025-12-23', 3215.0);
INSERT INTO movimentacoes (id_lote, tipo_mov, data_mov, quantidade) VALUES (136, 'ENTRADA', '2025-12-23', 4166.0);
INSERT INTO movimentacoes (id_lote, tipo_mov, data_mov, quantidade) VALUES (288, 'SAIDA', '2025-12-23', 3.0);
INSERT INTO movimentacoes (id_lote, tipo_mov, data_mov, quantidade) VALUES (28, 'SAIDA', '2025-12-23', 37.0);
INSERT INTO movimentacoes (id_lote, tipo_mov, data_mov, quantidade) VALUES (290, 'ENTRADA', '2025-12-23', 28.0);
INSERT INTO movimentacoes (id_lote, tipo_mov, data_mov, quantidade) VALUES (468, 'SAIDA', '2025-12-23', 30.0);
INSERT INTO movimentacoes (id_lote, tipo_mov, data_mov, quantidade) VALUES (509, 'ENTRADA', '2025-12-23', 30.0);
INSERT INTO movimentacoes (id_lote, tipo_mov, data_mov, quantidade) VALUES (34, 'SAIDA', '2025-12-23', 252270.0);
INSERT INTO movimentacoes (id_lote, tipo_mov, data_mov, quantidade) VALUES (532, 'SAIDA', '2025-12-23', 126440.0);
INSERT INTO movimentacoes (id_lote, tipo_mov, data_mov, quantidade) VALUES (406, 'SAIDA', '2025-12-23', 31.0);
INSERT INTO movimentacoes (id_lote, tipo_mov, data_mov, quantidade) VALUES (290, 'SAIDA', '2025-12-23', 29.0);
INSERT INTO movimentacoes (id_lote, tipo_mov, data_mov, quantidade) VALUES (127, 'SAIDA', '2025-12-23', 30.0);
INSERT INTO movimentacoes (id_lote, tipo_mov, data_mov, quantidade) VALUES (264, 'SAIDA', '2025-12-23', 27.0);
INSERT INTO movimentacoes (id_lote, tipo_mov, data_mov, quantidade) VALUES (469, 'ENTRADA', '2025-12-23', 30.0);
INSERT INTO movimentacoes (id_lote, tipo_mov, data_mov, quantidade) VALUES (437, 'ENTRADA', '2025-12-23', 1.0);
INSERT INTO movimentacoes (id_lote, tipo_mov, data_mov, quantidade) VALUES (436, 'SAIDA', '2025-12-23', 1.0);
INSERT INTO movimentacoes (id_lote, tipo_mov, data_mov, quantidade) VALUES (136, 'SAIDA', '2025-12-23', 28.0);
INSERT INTO movimentacoes (id_lote, tipo_mov, data_mov, quantidade) VALUES (172, 'SAIDA', '2025-12-23', 3.0);
INSERT INTO movimentacoes (id_lote, tipo_mov, data_mov, quantidade) VALUES (364, 'SAIDA', '2025-12-23', 33.0);
INSERT INTO movimentacoes (id_lote, tipo_mov, data_mov, quantidade) VALUES (127, 'SAIDA', '2025-12-23', 30.0);
INSERT INTO movimentacoes (id_lote, tipo_mov, data_mov, quantidade) VALUES (126, 'SAIDA', '2025-12-23', 4142.0);
INSERT INTO movimentacoes (id_lote, tipo_mov, data_mov, quantidade) VALUES (46, 'SAIDA', '2025-12-23', 3.0);
INSERT INTO movimentacoes (id_lote, tipo_mov, data_mov, quantidade) VALUES (364, 'SAIDA', '2025-12-23', 558.0);
INSERT INTO movimentacoes (id_lote, tipo_mov, data_mov, quantidade) VALUES (352, 'SAIDA', '2025-12-23', 2.0);
INSERT INTO movimentacoes (id_lote, tipo_mov, data_mov, quantidade) VALUES (496, 'SAIDA', '2025-12-23', 129114.0);
INSERT INTO movimentacoes (id_lote, tipo_mov, data_mov, quantidade) VALUES (406, 'SAIDA', '2025-12-23', 31.0);
INSERT INTO movimentacoes (id_lote, tipo_mov, data_mov, quantidade) VALUES (437, 'SAIDA', '2025-12-23', 1.0);
INSERT INTO movimentacoes (id_lote, tipo_mov, data_mov, quantidade) VALUES (171, 'SAIDA', '2025-12-23', 28.0);
INSERT INTO movimentacoes (id_lote, tipo_mov, data_mov, quantidade) VALUES (496, 'SAIDA', '2025-12-23', 129114.0);
INSERT INTO movimentacoes (id_lote, tipo_mov, data_mov, quantidade) VALUES (494, 'ENTRADA', '2025-12-23', 100.0);
INSERT INTO movimentacoes (id_lote, tipo_mov, data_mov, quantidade) VALUES (500, 'SAIDA', '2025-12-23', 250.0);
INSERT INTO movimentacoes (id_lote, tipo_mov, data_mov, quantidade) VALUES (196, 'SAIDA', '2025-12-23', 50.0);
INSERT INTO movimentacoes (id_lote, tipo_mov, data_mov, quantidade) VALUES (370, 'ENTRADA', '2025-12-23', 50.0);
INSERT INTO movimentacoes (id_lote, tipo_mov, data_mov, quantidade) VALUES (198, 'ENTRADA', '2025-12-23', 240873.0);
INSERT INTO movimentacoes (id_lote, tipo_mov, data_mov, quantidade) VALUES (493, 'ENTRADA', '2025-12-23', 3003.0);
INSERT INTO movimentacoes (id_lote, tipo_mov, data_mov, quantidade) VALUES (490, 'SAIDA', '2025-12-23', 3003.0);
INSERT INTO movimentacoes (id_lote, tipo_mov, data_mov, quantidade) VALUES (308, 'SAIDA', '2025-12-23', 17.0);
INSERT INTO movimentacoes (id_lote, tipo_mov, data_mov, quantidade) VALUES (307, 'SAIDA', '2025-12-23', 17.0);
INSERT INTO movimentacoes (id_lote, tipo_mov, data_mov, quantidade) VALUES (263, 'SAIDA', '2025-12-23', 72132201.0);
INSERT INTO movimentacoes (id_lote, tipo_mov, data_mov, quantidade) VALUES (377, 'SAIDA', '2025-12-23', 299417.0);
INSERT INTO movimentacoes (id_lote, tipo_mov, data_mov, quantidade) VALUES (325, 'SAIDA', '2025-12-23', 100.0);
INSERT INTO movimentacoes (id_lote, tipo_mov, data_mov, quantidade) VALUES (414, 'SAIDA', '2025-12-23', 2516840.0);
INSERT INTO movimentacoes (id_lote, tipo_mov, data_mov, quantidade) VALUES (110, 'ENTRADA', '2025-12-23', 25.0);
INSERT INTO movimentacoes (id_lote, tipo_mov, data_mov, quantidade) VALUES (478, 'SAIDA', '2025-12-23', 102277.0);
INSERT INTO movimentacoes (id_lote, tipo_mov, data_mov, quantidade) VALUES (301, 'ENTRADA', '2025-12-23', 4.0);
INSERT INTO movimentacoes (id_lote, tipo_mov, data_mov, quantidade) VALUES (244, 'ENTRADA', '2025-12-23', 66.0);
INSERT INTO movimentacoes (id_lote, tipo_mov, data_mov, quantidade) VALUES (157, 'ENTRADA', '2025-12-23', 60166961.0);
INSERT INTO movimentacoes (id_lote, tipo_mov, data_mov, quantidade) VALUES (13, 'ENTRADA', '2025-12-23', 6.86);
INSERT INTO movimentacoes (id_lote, tipo_mov, data_mov, quantidade) VALUES (52, 'ENTRADA', '2025-12-23', 3340.0);
INSERT INTO movimentacoes (id_lote, tipo_mov, data_mov, quantidade) VALUES (438, 'ENTRADA', '2025-12-23', 1.0);
INSERT INTO movimentacoes (id_lote, tipo_mov, data_mov, quantidade) VALUES (439, 'ENTRADA', '2025-12-23', 1.0);
INSERT INTO movimentacoes (id_lote, tipo_mov, data_mov, quantidade) VALUES (275, 'ENTRADA', '2025-12-23', 3.0);
INSERT INTO movimentacoes (id_lote, tipo_mov, data_mov, quantidade) VALUES (201, 'ENTRADA', '2025-12-23', 30.0);
INSERT INTO movimentacoes (id_lote, tipo_mov, data_mov, quantidade) VALUES (510, 'ENTRADA', '2025-12-23', 30.0);
INSERT INTO movimentacoes (id_lote, tipo_mov, data_mov, quantidade) VALUES (63, 'ENTRADA', '2025-12-23', 31.0);
INSERT INTO movimentacoes (id_lote, tipo_mov, data_mov, quantidade) VALUES (30, 'ENTRADA', '2025-12-23', 37.0);
INSERT INTO movimentacoes (id_lote, tipo_mov, data_mov, quantidade) VALUES (470, 'ENTRADA', '2025-12-23', 31.0);
INSERT INTO movimentacoes (id_lote, tipo_mov, data_mov, quantidade) VALUES (410, 'ENTRADA', '2025-12-23', 31.0);
INSERT INTO movimentacoes (id_lote, tipo_mov, data_mov, quantidade) VALUES (257, 'ENTRADA', '2025-12-23', 2412262298.0);
INSERT INTO movimentacoes (id_lote, tipo_mov, data_mov, quantidade) VALUES (57, 'ENTRADA', '2025-12-23', 6.0);
INSERT INTO movimentacoes (id_lote, tipo_mov, data_mov, quantidade) VALUES (265, 'ENTRADA', '2025-12-23', 5.0);
INSERT INTO movimentacoes (id_lote, tipo_mov, data_mov, quantidade) VALUES (471, 'ENTRADA', '2025-12-23', 31.0);
INSERT INTO movimentacoes (id_lote, tipo_mov, data_mov, quantidade) VALUES (129, 'ENTRADA', '2025-12-23', 30.0);
INSERT INTO movimentacoes (id_lote, tipo_mov, data_mov, quantidade) VALUES (352, 'ENTRADA', '2025-12-23', 6.0);
INSERT INTO movimentacoes (id_lote, tipo_mov, data_mov, quantidade) VALUES (352, 'ENTRADA', '2025-12-23', 7.0);
INSERT INTO movimentacoes (id_lote, tipo_mov, data_mov, quantidade) VALUES (136, 'ENTRADA', '2025-12-23', 4298.0);
INSERT INTO movimentacoes (id_lote, tipo_mov, data_mov, quantidade) VALUES (391, 'ENTRADA', '2025-12-23', 30.0);
INSERT INTO movimentacoes (id_lote, tipo_mov, data_mov, quantidade) VALUES (383, 'ENTRADA', '2025-12-23', 29.0);
INSERT INTO movimentacoes (id_lote, tipo_mov, data_mov, quantidade) VALUES (204, 'SAIDA', '2025-12-23', 2220.0);
INSERT INTO movimentacoes (id_lote, tipo_mov, data_mov, quantidade) VALUES (509, 'SAIDA', '2025-12-23', 30.0);
INSERT INTO movimentacoes (id_lote, tipo_mov, data_mov, quantidade) VALUES (437, 'SAIDA', '2025-12-23', 1.0);
INSERT INTO movimentacoes (id_lote, tipo_mov, data_mov, quantidade) VALUES (336, 'SAIDA', '2025-12-23', 30.0);
INSERT INTO movimentacoes (id_lote, tipo_mov, data_mov, quantidade) VALUES (496, 'SAIDA', '2025-12-23', 129114.0);
INSERT INTO movimentacoes (id_lote, tipo_mov, data_mov, quantidade) VALUES (490, 'SAIDA', '2025-12-23', 5.0);
INSERT INTO movimentacoes (id_lote, tipo_mov, data_mov, quantidade) VALUES (469, 'SAIDA', '2025-12-23', 27.0);
INSERT INTO movimentacoes (id_lote, tipo_mov, data_mov, quantidade) VALUES (78, 'SAIDA', '2025-12-23', 8.0);
INSERT INTO movimentacoes (id_lote, tipo_mov, data_mov, quantidade) VALUES (324, 'SAIDA', '2025-12-23', 55.0);
INSERT INTO movimentacoes (id_lote, tipo_mov, data_mov, quantidade) VALUES (528, 'SAIDA', '2025-12-23', 5.0);
INSERT INTO movimentacoes (id_lote, tipo_mov, data_mov, quantidade) VALUES (541, 'SAIDA', '2025-12-23', 12445.0);
INSERT INTO movimentacoes (id_lote, tipo_mov, data_mov, quantidade) VALUES (141, 'SAIDA', '2025-12-23', 3.0);
INSERT INTO movimentacoes (id_lote, tipo_mov, data_mov, quantidade) VALUES (185, 'SAIDA', '2025-12-23', 266082.0);
INSERT INTO movimentacoes (id_lote, tipo_mov, data_mov, quantidade) VALUES (292, 'ENTRADA', '2025-12-23', 29.0);
INSERT INTO movimentacoes (id_lote, tipo_mov, data_mov, quantidade) VALUES (34, 'SAIDA', '2025-12-23', 252270.0);
INSERT INTO movimentacoes (id_lote, tipo_mov, data_mov, quantidade) VALUES (271, 'SAIDA', '2025-12-23', 245597.0);
INSERT INTO movimentacoes (id_lote, tipo_mov, data_mov, quantidade) VALUES (364, 'SAIDA', '2025-12-23', 558.0);
INSERT INTO movimentacoes (id_lote, tipo_mov, data_mov, quantidade) VALUES (416, 'SAIDA', '2025-12-23', 29.0);
INSERT INTO movimentacoes (id_lote, tipo_mov, data_mov, quantidade) VALUES (316, 'SAIDA', '2025-12-23', 7.0);
INSERT INTO movimentacoes (id_lote, tipo_mov, data_mov, quantidade) VALUES (336, 'SAIDA', '2025-12-23', 29.0);
INSERT INTO movimentacoes (id_lote, tipo_mov, data_mov, quantidade) VALUES (96, 'SAIDA', '2025-12-23', 14991.0);
INSERT INTO movimentacoes (id_lote, tipo_mov, data_mov, quantidade) VALUES (221, 'SAIDA', '2025-12-23', 5334.0);
INSERT INTO movimentacoes (id_lote, tipo_mov, data_mov, quantidade) VALUES (24, 'ENTRADA', '2025-12-23', 1.0);
INSERT INTO movimentacoes (id_lote, tipo_mov, data_mov, quantidade) VALUES (532, 'SAIDA', '2025-12-23', 126440.0);
INSERT INTO movimentacoes (id_lote, tipo_mov, data_mov, quantidade) VALUES (264, 'SAIDA', '2025-12-23', 27.0);
INSERT INTO movimentacoes (id_lote, tipo_mov, data_mov, quantidade) VALUES (75, 'SAIDA', '2025-12-23', 31.0);
INSERT INTO movimentacoes (id_lote, tipo_mov, data_mov, quantidade) VALUES (75, 'SAIDA', '2025-12-23', 31.0);
INSERT INTO movimentacoes (id_lote, tipo_mov, data_mov, quantidade) VALUES (327, 'SAIDA', '2025-12-23', 18.0);
INSERT INTO movimentacoes (id_lote, tipo_mov, data_mov, quantidade) VALUES (96, 'SAIDA', '2025-12-23', 14991.0);
INSERT INTO movimentacoes (id_lote, tipo_mov, data_mov, quantidade) VALUES (213, 'SAIDA', '2025-12-23', 29.0);
INSERT INTO movimentacoes (id_lote, tipo_mov, data_mov, quantidade) VALUES (547, 'SAIDA', '2025-12-23', 54314399222.0);
INSERT INTO movimentacoes (id_lote, tipo_mov, data_mov, quantidade) VALUES (266, 'SAIDA', '2025-12-23', 5.0);
INSERT INTO movimentacoes (id_lote, tipo_mov, data_mov, quantidade) VALUES (34, 'SAIDA', '2025-12-23', 252270.0);
INSERT INTO movimentacoes (id_lote, tipo_mov, data_mov, quantidade) VALUES (213, 'SAIDA', '2025-12-23', 29.0);
INSERT INTO movimentacoes (id_lote, tipo_mov, data_mov, quantidade) VALUES (213, 'SAIDA', '2025-12-23', 29.0);
INSERT INTO movimentacoes (id_lote, tipo_mov, data_mov, quantidade) VALUES (171, 'SAIDA', '2025-12-23', 26.0);
INSERT INTO movimentacoes (id_lote, tipo_mov, data_mov, quantidade) VALUES (204, 'SAIDA', '2025-12-23', 2220.0);
INSERT INTO movimentacoes (id_lote, tipo_mov, data_mov, quantidade) VALUES (120, 'SAIDA', '2025-12-23', 4256.0);
INSERT INTO movimentacoes (id_lote, tipo_mov, data_mov, quantidade) VALUES (34, 'SAIDA', '2025-12-23', 252270.0);
INSERT INTO movimentacoes (id_lote, tipo_mov, data_mov, quantidade) VALUES (204, 'SAIDA', '2025-12-23', 2220.0);
INSERT INTO movimentacoes (id_lote, tipo_mov, data_mov, quantidade) VALUES (171, 'SAIDA', '2025-12-23', 26.0);
INSERT INTO movimentacoes (id_lote, tipo_mov, data_mov, quantidade) VALUES (171, 'SAIDA', '2025-12-23', 26.0);
INSERT INTO movimentacoes (id_lote, tipo_mov, data_mov, quantidade) VALUES (316, 'SAIDA', '2025-12-23', 11.0);
INSERT INTO movimentacoes (id_lote, tipo_mov, data_mov, quantidade) VALUES (481, 'SAIDA', '2025-12-23', 28.0);
INSERT INTO movimentacoes (id_lote, tipo_mov, data_mov, quantidade) VALUES (127, 'SAIDA', '2025-12-23', 30.0);
INSERT INTO movimentacoes (id_lote, tipo_mov, data_mov, quantidade) VALUES (287, 'SAIDA', '2025-12-23', 4106.0);
INSERT INTO movimentacoes (id_lote, tipo_mov, data_mov, quantidade) VALUES (509, 'SAIDA', '2025-12-23', 30.0);
INSERT INTO movimentacoes (id_lote, tipo_mov, data_mov, quantidade) VALUES (213, 'SAIDA', '2025-12-23', 29.0);
INSERT INTO movimentacoes (id_lote, tipo_mov, data_mov, quantidade) VALUES (30, 'SAIDA', '2025-12-23', 37.0);
INSERT INTO movimentacoes (id_lote, tipo_mov, data_mov, quantidade) VALUES (9, 'SAIDA', '2025-12-23', 6.86);
INSERT INTO movimentacoes (id_lote, tipo_mov, data_mov, quantidade) VALUES (204, 'SAIDA', '2025-12-23', 2220.0);
INSERT INTO movimentacoes (id_lote, tipo_mov, data_mov, quantidade) VALUES (316, 'SAIDA', '2025-12-23', 29.0);
INSERT INTO movimentacoes (id_lote, tipo_mov, data_mov, quantidade) VALUES (213, 'SAIDA', '2025-12-23', 31.0);
INSERT INTO movimentacoes (id_lote, tipo_mov, data_mov, quantidade) VALUES (30, 'SAIDA', '2025-12-23', 37.0);
INSERT INTO movimentacoes (id_lote, tipo_mov, data_mov, quantidade) VALUES (171, 'SAIDA', '2025-12-23', 26.0);
INSERT INTO movimentacoes (id_lote, tipo_mov, data_mov, quantidade) VALUES (478, 'SAIDA', '2025-12-23', 102277.0);
INSERT INTO movimentacoes (id_lote, tipo_mov, data_mov, quantidade) VALUES (509, 'SAIDA', '2025-12-23', 30.0);
INSERT INTO movimentacoes (id_lote, tipo_mov, data_mov, quantidade) VALUES (213, 'SAIDA', '2025-12-23', 31.0);
INSERT INTO movimentacoes (id_lote, tipo_mov, data_mov, quantidade) VALUES (144, 'SAIDA', '2025-12-23', 30.0);
INSERT INTO movimentacoes (id_lote, tipo_mov, data_mov, quantidade) VALUES (222, 'SAIDA', '2025-12-23', 25.0);
INSERT INTO movimentacoes (id_lote, tipo_mov, data_mov, quantidade) VALUES (198, 'SAIDA', '2025-12-23', 240873.0);
INSERT INTO movimentacoes (id_lote, tipo_mov, data_mov, quantidade) VALUES (42, 'SAIDA', '2025-12-23', 10.0);
INSERT INTO movimentacoes (id_lote, tipo_mov, data_mov, quantidade) VALUES (46, 'SAIDA', '2025-12-23', 3215.0);
INSERT INTO movimentacoes (id_lote, tipo_mov, data_mov, quantidade) VALUES (287, 'SAIDA', '2025-12-23', 4106.0);
INSERT INTO movimentacoes (id_lote, tipo_mov, data_mov, quantidade) VALUES (490, 'SAIDA', '2025-12-23', 2625.0);
INSERT INTO movimentacoes (id_lote, tipo_mov, data_mov, quantidade) VALUES (213, 'SAIDA', '2025-12-23', 29.0);
INSERT INTO movimentacoes (id_lote, tipo_mov, data_mov, quantidade) VALUES (172, 'SAIDA', '2025-12-23', 3.0);
INSERT INTO movimentacoes (id_lote, tipo_mov, data_mov, quantidade) VALUES (521, 'ENTRADA', '2025-12-23', 31.0);
INSERT INTO movimentacoes (id_lote, tipo_mov, data_mov, quantidade) VALUES (511, 'ENTRADA', '2025-12-23', 30.0);
INSERT INTO movimentacoes (id_lote, tipo_mov, data_mov, quantidade) VALUES (388, 'ENTRADA', '2025-12-23', 31.0);
INSERT INTO movimentacoes (id_lote, tipo_mov, data_mov, quantidade) VALUES (30, 'SAIDA', '2025-12-23', 37.0);
INSERT INTO movimentacoes (id_lote, tipo_mov, data_mov, quantidade) VALUES (213, 'SAIDA', '2025-12-23', 29.0);
INSERT INTO movimentacoes (id_lote, tipo_mov, data_mov, quantidade) VALUES (129, 'SAIDA', '2025-12-23', 30.0);
INSERT INTO movimentacoes (id_lote, tipo_mov, data_mov, quantidade) VALUES (172, 'SAIDA', '2025-12-23', 3.0);
INSERT INTO movimentacoes (id_lote, tipo_mov, data_mov, quantidade) VALUES (173, 'SAIDA', '2025-12-23', 27.0);
INSERT INTO movimentacoes (id_lote, tipo_mov, data_mov, quantidade) VALUES (421, 'SAIDA', '2025-12-23', 2.0);
INSERT INTO movimentacoes (id_lote, tipo_mov, data_mov, quantidade) VALUES (294, 'ENTRADA', '2025-12-23', 31.0);
INSERT INTO movimentacoes (id_lote, tipo_mov, data_mov, quantidade) VALUES (294, 'SAIDA', '2025-12-23', 31.0);
INSERT INTO movimentacoes (id_lote, tipo_mov, data_mov, quantidade) VALUES (30, 'SAIDA', '2025-12-23', 37.0);
INSERT INTO movimentacoes (id_lote, tipo_mov, data_mov, quantidade) VALUES (64, 'ENTRADA', '2025-12-23', 31.0);
INSERT INTO movimentacoes (id_lote, tipo_mov, data_mov, quantidade) VALUES (129, 'SAIDA', '2025-12-23', 30.0);
INSERT INTO movimentacoes (id_lote, tipo_mov, data_mov, quantidade) VALUES (34, 'SAIDA', '2025-12-23', 252270.0);
INSERT INTO movimentacoes (id_lote, tipo_mov, data_mov, quantidade) VALUES (129, 'SAIDA', '2025-12-23', 1.0);
INSERT INTO movimentacoes (id_lote, tipo_mov, data_mov, quantidade) VALUES (63, 'SAIDA', '2025-12-23', 31.0);
INSERT INTO movimentacoes (id_lote, tipo_mov, data_mov, quantidade) VALUES (185, 'SAIDA', '2025-12-23', 266082.0);
INSERT INTO movimentacoes (id_lote, tipo_mov, data_mov, quantidade) VALUES (390, 'ENTRADA', '2025-12-23', 27.0);
INSERT INTO movimentacoes (id_lote, tipo_mov, data_mov, quantidade) VALUES (130, 'ENTRADA', '2025-12-23', 29.0);
INSERT INTO movimentacoes (id_lote, tipo_mov, data_mov, quantidade) VALUES (293, 'SAIDA', '2025-12-23', 4332.0);
INSERT INTO movimentacoes (id_lote, tipo_mov, data_mov, quantidade) VALUES (258, 'ENTRADA', '2025-12-23', 2505140674.0);
INSERT INTO movimentacoes (id_lote, tipo_mov, data_mov, quantidade) VALUES (540, 'ENTRADA', '2025-12-23', 6.0);
INSERT INTO movimentacoes (id_lote, tipo_mov, data_mov, quantidade) VALUES (539, 'ENTRADA', '2025-12-23', 4.01);
INSERT INTO movimentacoes (id_lote, tipo_mov, data_mov, quantidade) VALUES (440, 'ENTRADA', '2025-12-23', 1.0);
INSERT INTO movimentacoes (id_lote, tipo_mov, data_mov, quantidade) VALUES (136, 'SAIDA', '2025-12-23', 4166.0);
INSERT INTO movimentacoes (id_lote, tipo_mov, data_mov, quantidade) VALUES (551, 'ENTRADA', '2025-12-23', 30.0);
INSERT INTO movimentacoes (id_lote, tipo_mov, data_mov, quantidade) VALUES (293, 'ENTRADA', '2025-12-23', 4332.0);
INSERT INTO movimentacoes (id_lote, tipo_mov, data_mov, quantidade) VALUES (47, 'ENTRADA', '2025-12-23', 4.0);
INSERT INTO movimentacoes (id_lote, tipo_mov, data_mov, quantidade) VALUES (356, 'ENTRADA', '2025-12-23', 2.0);
INSERT INTO movimentacoes (id_lote, tipo_mov, data_mov, quantidade) VALUES (313, 'ENTRADA', '2025-12-23', 11.0);
INSERT INTO movimentacoes (id_lote, tipo_mov, data_mov, quantidade) VALUES (299, 'ENTRADA', '2025-12-23', 360.0);
INSERT INTO movimentacoes (id_lote, tipo_mov, data_mov, quantidade) VALUES (356, 'SAIDA', '2025-12-23', 2.0);
INSERT INTO movimentacoes (id_lote, tipo_mov, data_mov, quantidade) VALUES (30, 'SAIDA', '2025-12-23', 37.0);
INSERT INTO movimentacoes (id_lote, tipo_mov, data_mov, quantidade) VALUES (47, 'SAIDA', '2025-12-23', 4.0);
INSERT INTO movimentacoes (id_lote, tipo_mov, data_mov, quantidade) VALUES (63, 'SAIDA', '2025-12-23', 31.0);
INSERT INTO movimentacoes (id_lote, tipo_mov, data_mov, quantidade) VALUES (496, 'SAIDA', '2025-12-23', 31.0);
INSERT INTO movimentacoes (id_lote, tipo_mov, data_mov, quantidade) VALUES (469, 'SAIDA', '2025-12-23', 30.0);
INSERT INTO movimentacoes (id_lote, tipo_mov, data_mov, quantidade) VALUES (356, 'SAIDA', '2025-12-23', 2.0);
INSERT INTO movimentacoes (id_lote, tipo_mov, data_mov, quantidade) VALUES (438, 'SAIDA', '2025-12-23', 1.0);
INSERT INTO movimentacoes (id_lote, tipo_mov, data_mov, quantidade) VALUES (64, 'SAIDA', '2025-12-23', 30.0);
INSERT INTO movimentacoes (id_lote, tipo_mov, data_mov, quantidade) VALUES (173, 'SAIDA', '2025-12-23', 27.0);
INSERT INTO movimentacoes (id_lote, tipo_mov, data_mov, quantidade) VALUES (497, 'SAIDA', '2025-12-23', 13391.0);
INSERT INTO movimentacoes (id_lote, tipo_mov, data_mov, quantidade) VALUES (203, 'SAIDA', '2025-12-23', 1.0);
INSERT INTO movimentacoes (id_lote, tipo_mov, data_mov, quantidade) VALUES (173, 'SAIDA', '2025-12-23', 27.0);
INSERT INTO movimentacoes (id_lote, tipo_mov, data_mov, quantidade) VALUES (185, 'SAIDA', '2025-12-23', 266082.0);
INSERT INTO movimentacoes (id_lote, tipo_mov, data_mov, quantidade) VALUES (496, 'SAIDA', '2025-12-23', 129114.0);
INSERT INTO movimentacoes (id_lote, tipo_mov, data_mov, quantidade) VALUES (510, 'SAIDA', '2025-12-23', 30.0);
INSERT INTO movimentacoes (id_lote, tipo_mov, data_mov, quantidade) VALUES (63, 'SAIDA', '2025-12-23', 31.0);
INSERT INTO movimentacoes (id_lote, tipo_mov, data_mov, quantidade) VALUES (30, 'SAIDA', '2025-12-23', 37.0);
INSERT INTO movimentacoes (id_lote, tipo_mov, data_mov, quantidade) VALUES (316, 'SAIDA', '2025-12-23', 29.0);
INSERT INTO movimentacoes (id_lote, tipo_mov, data_mov, quantidade) VALUES (490, 'SAIDA', '2025-12-23', 29.0);
INSERT INTO movimentacoes (id_lote, tipo_mov, data_mov, quantidade) VALUES (293, 'SAIDA', '2025-12-23', 4332.0);
INSERT INTO movimentacoes (id_lote, tipo_mov, data_mov, quantidade) VALUES (118, 'SAIDA', '2025-12-23', 5023.0);
INSERT INTO movimentacoes (id_lote, tipo_mov, data_mov, quantidade) VALUES (496, 'SAIDA', '2025-12-23', 129114.0);
INSERT INTO movimentacoes (id_lote, tipo_mov, data_mov, quantidade) VALUES (391, 'SAIDA', '2025-12-23', 30.0);
INSERT INTO movimentacoes (id_lote, tipo_mov, data_mov, quantidade) VALUES (470, 'SAIDA', '2025-12-23', 31.0);
INSERT INTO movimentacoes (id_lote, tipo_mov, data_mov, quantidade) VALUES (534, 'SAIDA', '2025-12-23', 2401160246.0);
INSERT INTO movimentacoes (id_lote, tipo_mov, data_mov, quantidade) VALUES (64, 'SAIDA', '2025-12-23', 30.0);
INSERT INTO movimentacoes (id_lote, tipo_mov, data_mov, quantidade) VALUES (257, 'SAIDA', '2025-12-23', 2.41223);
INSERT INTO movimentacoes (id_lote, tipo_mov, data_mov, quantidade) VALUES (404, 'SAIDA', '2025-12-23', 5.0);
INSERT INTO movimentacoes (id_lote, tipo_mov, data_mov, quantidade) VALUES (364, 'SAIDA', '2025-12-23', 1.0);
INSERT INTO movimentacoes (id_lote, tipo_mov, data_mov, quantidade) VALUES (352, 'SAIDA', '2025-12-23', 3.0);
INSERT INTO movimentacoes (id_lote, tipo_mov, data_mov, quantidade) VALUES (287, 'ENTRADA', '2025-12-23', 5097.0);
INSERT INTO movimentacoes (id_lote, tipo_mov, data_mov, quantidade) VALUES (131, 'ENTRADA', '2025-12-23', 30.0);
INSERT INTO movimentacoes (id_lote, tipo_mov, data_mov, quantidade) VALUES (131, 'ENTRADA', '2025-12-23', 30.0);
INSERT INTO movimentacoes (id_lote, tipo_mov, data_mov, quantidade) VALUES (59, 'ENTRADA', '2025-12-23', 1412.0);
INSERT INTO movimentacoes (id_lote, tipo_mov, data_mov, quantidade) VALUES (212, 'ENTRADA', '2025-12-23', 1.0);
INSERT INTO movimentacoes (id_lote, tipo_mov, data_mov, quantidade) VALUES (174, 'ENTRADA', '2025-12-23', 277762.0);
INSERT INTO movimentacoes (id_lote, tipo_mov, data_mov, quantidade) VALUES (441, 'ENTRADA', '2025-12-23', 1.0);
INSERT INTO movimentacoes (id_lote, tipo_mov, data_mov, quantidade) VALUES (490, 'ENTRADA', '2025-12-23', 31.0);
INSERT INTO movimentacoes (id_lote, tipo_mov, data_mov, quantidade) VALUES (422, 'ENTRADA', '2025-12-23', 2.0);
INSERT INTO movimentacoes (id_lote, tipo_mov, data_mov, quantidade) VALUES (551, 'ENTRADA', '2025-12-23', 30.0);
INSERT INTO movimentacoes (id_lote, tipo_mov, data_mov, quantidade) VALUES (405, 'ENTRADA', '2025-12-23', 31.0);
INSERT INTO movimentacoes (id_lote, tipo_mov, data_mov, quantidade) VALUES (386, 'ENTRADA', '2025-12-23', 31.0);
INSERT INTO movimentacoes (id_lote, tipo_mov, data_mov, quantidade) VALUES (46, 'ENTRADA', '2025-12-23', 5084.0);
INSERT INTO movimentacoes (id_lote, tipo_mov, data_mov, quantidade) VALUES (202, 'ENTRADA', '2025-12-23', 31.0);
INSERT INTO movimentacoes (id_lote, tipo_mov, data_mov, quantidade) VALUES (392, 'ENTRADA', '2025-12-23', 30.0);
INSERT INTO movimentacoes (id_lote, tipo_mov, data_mov, quantidade) VALUES (384, 'ENTRADA', '2025-12-23', 30.0);
INSERT INTO movimentacoes (id_lote, tipo_mov, data_mov, quantidade) VALUES (357, 'ENTRADA', '2025-12-23', 2.0);
INSERT INTO movimentacoes (id_lote, tipo_mov, data_mov, quantidade) VALUES (32, 'ENTRADA', '2025-12-23', 17332.0);
INSERT INTO movimentacoes (id_lote, tipo_mov, data_mov, quantidade) VALUES (32, 'ENTRADA', '2025-12-23', 17332.0);
INSERT INTO movimentacoes (id_lote, tipo_mov, data_mov, quantidade) VALUES (80, 'SAIDA', '2025-12-23', 18.0);
INSERT INTO movimentacoes (id_lote, tipo_mov, data_mov, quantidade) VALUES (553, 'SAIDA', '2025-12-23', 28.0);
INSERT INTO movimentacoes (id_lote, tipo_mov, data_mov, quantidade) VALUES (469, 'SAIDA', '2025-12-23', 28.0);
INSERT INTO movimentacoes (id_lote, tipo_mov, data_mov, quantidade) VALUES (404, 'SAIDA', '2025-12-23', 28.0);
INSERT INTO movimentacoes (id_lote, tipo_mov, data_mov, quantidade) VALUES (130, 'SAIDA', '2025-12-23', 31.0);
INSERT INTO movimentacoes (id_lote, tipo_mov, data_mov, quantidade) VALUES (364, 'SAIDA', '2025-12-23', 571.0);
INSERT INTO movimentacoes (id_lote, tipo_mov, data_mov, quantidade) VALUES (478, 'SAIDA', '2025-12-23', 102277.0);
INSERT INTO movimentacoes (id_lote, tipo_mov, data_mov, quantidade) VALUES (172, 'SAIDA', '2025-12-23', 3.0);
INSERT INTO movimentacoes (id_lote, tipo_mov, data_mov, quantidade) VALUES (496, 'SAIDA', '2025-12-23', 129114.0);
INSERT INTO movimentacoes (id_lote, tipo_mov, data_mov, quantidade) VALUES (136, 'ENTRADA', '2025-12-23', 5021.0);
INSERT INTO movimentacoes (id_lote, tipo_mov, data_mov, quantidade) VALUES (46, 'SAIDA', '2025-12-23', 3.0);
INSERT INTO movimentacoes (id_lote, tipo_mov, data_mov, quantidade) VALUES (551, 'SAIDA', '2025-12-23', 30.0);
INSERT INTO movimentacoes (id_lote, tipo_mov, data_mov, quantidade) VALUES (511, 'SAIDA', '2025-12-23', 30.0);
INSERT INTO movimentacoes (id_lote, tipo_mov, data_mov, quantidade) VALUES (31, 'SAIDA', '2025-12-23', 16683.0);
INSERT INTO movimentacoes (id_lote, tipo_mov, data_mov, quantidade) VALUES (64, 'SAIDA', '2025-12-23', 30.0);
INSERT INTO movimentacoes (id_lote, tipo_mov, data_mov, quantidade) VALUES (64, 'SAIDA', '2025-12-23', 30.0);
INSERT INTO movimentacoes (id_lote, tipo_mov, data_mov, quantidade) VALUES (357, 'SAIDA', '2025-12-23', 2.0);
INSERT INTO movimentacoes (id_lote, tipo_mov, data_mov, quantidade) VALUES (295, 'SAIDA', '2025-12-23', 14.0);
INSERT INTO movimentacoes (id_lote, tipo_mov, data_mov, quantidade) VALUES (78, 'SAIDA', '2025-12-23', 8.0);
INSERT INTO movimentacoes (id_lote, tipo_mov, data_mov, quantidade) VALUES (131, 'SAIDA', '2025-12-23', 30.0);
INSERT INTO movimentacoes (id_lote, tipo_mov, data_mov, quantidade) VALUES (357, 'SAIDA', '2025-12-23', 2.0);
INSERT INTO movimentacoes (id_lote, tipo_mov, data_mov, quantidade) VALUES (478, 'SAIDA', '2025-12-23', 102277.0);
INSERT INTO movimentacoes (id_lote, tipo_mov, data_mov, quantidade) VALUES (172, 'SAIDA', '2025-12-23', 3.0);
INSERT INTO movimentacoes (id_lote, tipo_mov, data_mov, quantidade) VALUES (496, 'SAIDA', '2025-12-23', 129114.0);
INSERT INTO movimentacoes (id_lote, tipo_mov, data_mov, quantidade) VALUES (440, 'SAIDA', '2025-12-23', 1.0);
INSERT INTO movimentacoes (id_lote, tipo_mov, data_mov, quantidade) VALUES (490, 'SAIDA', '2025-12-23', 262.0);
INSERT INTO movimentacoes (id_lote, tipo_mov, data_mov, quantidade) VALUES (404, 'SAIDA', '2025-12-23', 5.0);
INSERT INTO movimentacoes (id_lote, tipo_mov, data_mov, quantidade) VALUES (511, 'SAIDA', '2025-12-23', 30.0);
INSERT INTO movimentacoes (id_lote, tipo_mov, data_mov, quantidade) VALUES (31, 'SAIDA', '2025-12-23', 166883.0);
INSERT INTO movimentacoes (id_lote, tipo_mov, data_mov, quantidade) VALUES (405, 'ENTRADA', '2025-12-23', 26.0);
INSERT INTO movimentacoes (id_lote, tipo_mov, data_mov, quantidade) VALUES (511, 'SAIDA', '2025-12-23', 30.0);
INSERT INTO movimentacoes (id_lote, tipo_mov, data_mov, quantidade) VALUES (502, 'ENTRADA', '2025-12-23', 2236.0);
INSERT INTO movimentacoes (id_lote, tipo_mov, data_mov, quantidade) VALUES (502, 'SAIDA', '2025-12-23', 2236.0);
INSERT INTO movimentacoes (id_lote, tipo_mov, data_mov, quantidade) VALUES (175, 'ENTRADA', '2025-12-23', 11.0);
INSERT INTO movimentacoes (id_lote, tipo_mov, data_mov, quantidade) VALUES (184, 'ENTRADA', '2025-12-23', 133566.0);
INSERT INTO movimentacoes (id_lote, tipo_mov, data_mov, quantidade) VALUES (483, 'ENTRADA', '2025-12-23', 30.0);
INSERT INTO movimentacoes (id_lote, tipo_mov, data_mov, quantidade) VALUES (32, 'ENTRADA', '2025-12-23', 17332.0);
INSERT INTO movimentacoes (id_lote, tipo_mov, data_mov, quantidade) VALUES (86, 'ENTRADA', '2025-12-23', 18.5);
INSERT INTO movimentacoes (id_lote, tipo_mov, data_mov, quantidade) VALUES (86, 'ENTRADA', '2025-12-23', 18.5);
INSERT INTO movimentacoes (id_lote, tipo_mov, data_mov, quantidade) VALUES (359, 'ENTRADA', '2025-12-23', 575.0);
INSERT INTO movimentacoes (id_lote, tipo_mov, data_mov, quantidade) VALUES (172, 'SAIDA', '2025-12-23', 3.0);
INSERT INTO movimentacoes (id_lote, tipo_mov, data_mov, quantidade) VALUES (471, 'SAIDA', '2025-12-23', 28.0);
INSERT INTO movimentacoes (id_lote, tipo_mov, data_mov, quantidade) VALUES (440, 'SAIDA', '2025-12-23', 1.0);
INSERT INTO movimentacoes (id_lote, tipo_mov, data_mov, quantidade) VALUES (120, 'SAIDA', '2025-12-23', 5094.0);
INSERT INTO movimentacoes (id_lote, tipo_mov, data_mov, quantidade) VALUES (295, 'SAIDA', '2025-12-23', 30.0);
INSERT INTO movimentacoes (id_lote, tipo_mov, data_mov, quantidade) VALUES (32, 'SAIDA', '2025-12-23', 17332.0);
INSERT INTO movimentacoes (id_lote, tipo_mov, data_mov, quantidade) VALUES (88, 'SAIDA', '2025-12-23', 30.0);
INSERT INTO movimentacoes (id_lote, tipo_mov, data_mov, quantidade) VALUES (185, 'SAIDA', '2025-12-23', 266082.0);
INSERT INTO movimentacoes (id_lote, tipo_mov, data_mov, quantidade) VALUES (440, 'SAIDA', '2025-12-23', 1.0);
INSERT INTO movimentacoes (id_lote, tipo_mov, data_mov, quantidade) VALUES (552, 'ENTRADA', '2025-12-23', 29.0);
INSERT INTO movimentacoes (id_lote, tipo_mov, data_mov, quantidade) VALUES (552, 'SAIDA', '2025-12-23', 29.0);
INSERT INTO movimentacoes (id_lote, tipo_mov, data_mov, quantidade) VALUES (379, 'ENTRADA', '2025-12-23', 5.0);
INSERT INTO movimentacoes (id_lote, tipo_mov, data_mov, quantidade) VALUES (8, 'ENTRADA', '2025-12-23', 20241218.0);
INSERT INTO movimentacoes (id_lote, tipo_mov, data_mov, quantidade) VALUES (379, 'SAIDA', '2025-12-23', 5.0);
INSERT INTO movimentacoes (id_lote, tipo_mov, data_mov, quantidade) VALUES (3, 'ENTRADA', '2025-12-23', 459437.0);
INSERT INTO movimentacoes (id_lote, tipo_mov, data_mov, quantidade) VALUES (5, 'ENTRADA', '2025-12-23', 459437.0);
INSERT INTO movimentacoes (id_lote, tipo_mov, data_mov, quantidade) VALUES (398, 'SAIDA', '2025-12-23', 199.0);
INSERT INTO movimentacoes (id_lote, tipo_mov, data_mov, quantidade) VALUES (396, 'ENTRADA', '2025-12-23', 17.0);
INSERT INTO movimentacoes (id_lote, tipo_mov, data_mov, quantidade) VALUES (552, 'ENTRADA', '2025-12-23', 29.0);
INSERT INTO movimentacoes (id_lote, tipo_mov, data_mov, quantidade) VALUES (7, 'ENTRADA', '2025-12-23', 459714.0);
INSERT INTO movimentacoes (id_lote, tipo_mov, data_mov, quantidade) VALUES (397, 'ENTRADA', '2025-12-23', 21.0);
INSERT INTO movimentacoes (id_lote, tipo_mov, data_mov, quantidade) VALUES (398, 'ENTRADA', '2025-12-23', 199.0);
INSERT INTO movimentacoes (id_lote, tipo_mov, data_mov, quantidade) VALUES (2, 'ENTRADA', '2025-12-23', 2601112.0);
INSERT INTO movimentacoes (id_lote, tipo_mov, data_mov, quantidade) VALUES (27, 'SAIDA', '2025-12-23', 37.0);
INSERT INTO movimentacoes (id_lote, tipo_mov, data_mov, quantidade) VALUES (510, 'ENTRADA', '2025-12-23', 1.0);
INSERT INTO movimentacoes (id_lote, tipo_mov, data_mov, quantidade) VALUES (6, 'ENTRADA', '2025-12-23', 447369.0);
INSERT INTO movimentacoes (id_lote, tipo_mov, data_mov, quantidade) VALUES (308, 'ENTRADA', '2025-12-23', 100.0);
INSERT INTO movimentacoes (id_lote, tipo_mov, data_mov, quantidade) VALUES (233, 'ENTRADA', '2025-12-23', 3.0);
INSERT INTO movimentacoes (id_lote, tipo_mov, data_mov, quantidade) VALUES (538, 'ENTRADA', '2025-12-23', 701.0004);
INSERT INTO movimentacoes (id_lote, tipo_mov, data_mov, quantidade) VALUES (300, 'ENTRADA', '2025-12-23', 705.0005);
INSERT INTO movimentacoes (id_lote, tipo_mov, data_mov, quantidade) VALUES (483, 'ENTRADA', '2025-12-23', 429.0);
INSERT INTO movimentacoes (id_lote, tipo_mov, data_mov, quantidade) VALUES (99, 'ENTRADA', '2025-12-23', 21050016.0);
INSERT INTO movimentacoes (id_lote, tipo_mov, data_mov, quantidade) VALUES (399, 'ENTRADA', '2025-12-23', 2330250.0);
INSERT INTO movimentacoes (id_lote, tipo_mov, data_mov, quantidade) VALUES (490, 'ENTRADA', '2025-12-23', 1.0);
INSERT INTO movimentacoes (id_lote, tipo_mov, data_mov, quantidade) VALUES (407, 'ENTRADA', '2025-12-23', 13.0);
INSERT INTO movimentacoes (id_lote, tipo_mov, data_mov, quantidade) VALUES (219, 'ENTRADA', '2025-12-23', 3022.0);